Workbook

Sheet data
A1: SKU | B1: ProductName | C1: Category | D1: CurrentStock | E1: ReorderPoint | F1: DailySalesAvg | G1: LeadTime | H1: SupplierID | I1: LastRestockDate | J1: UnitPrice | K1: SnapshotDate
A2: SKU-016 | B2: Parfum EDT Brasov 100ml | C2: Beauty | D2: 271 | E2: 50 | F2: 2 | G2: 4 | H2: SUP_BT02 | I2: 45748 | J2: 125000 | K2: 45748
A3: SKU-001 | B3: Laptop ASUS Vivobook | C3: Electronics | D3: 21 | E3: 15 | F3: 4 | G3: 5 | H3: SUP_EL01 | I3: 45942 | J3: 8500000 | K3: 45931
A4: SKU-004 | B4: Smartwatch Xiaomi Band | C4: Electronics | D4: 30 | E4: 30 | F4: 2 | G4: 7 | H4: SUP_EL01 | I4: 46029 | J4: 1200000 | K4: 46023
A5: SKU-005 | B5: Kemeja Formal Pria | C5: Fashion | D5: 25 | E5: 50 | F5: 6 | G5: 3 | H5: SUP_FA01 | I5: 45688 | J5: 350000 | K5: 45658
A6: SKU-002 | B6: Smartphone Samsung A54 | C6: Electronics | D6: 0 | E6: 25 | F6: 7 | G6: 21 | H6: SUP_EL02 | I6: 45978 | J6: 4500000 | K6: 45962
A7: SKU-005 | B7: Kemeja Formal Pria | C7: Fashion | D7: 0 | E7: 50 | F7: 11 | G7: 7 | H7: SUP_FA01 | I7: 45749 | J7: 350000 | K7: 45748
A8: SKU-007 | B8: Sepatu Sneakers Nike | C8: Fashion | D8: 0 | E8: 35 | F8: 8 | G8: 5 | H8: SUP_FA02 | I8: 45774 | J8: 1250000 | K8: 45748
A9: SKU-013 | B9: Skincare Set Whitelab | C9: Beauty | D9: 220 | E9: 40 | F9: 2 | G9: 5 | H9: SUP_BT01 | I9: 45831 | J9: 550000 | K9: 45809
A10: SKU-018 | B10: Teh Organik Premium Box | C10: Food & Beverage | D10: 28 | E10: 80 | F10: 11 | G10: 4 | H10: SUP_FB01 | I10: 45812 | J10: 65000 | K10: 45809
A11: SKU-004 | B11: Smartwatch Xiaomi Band | C11: Electronics | D11: 24 | E11: 30 | F11: 3 | G11: 6 | H11: SUP_EL01 | I11: 45695 | J11: 1200000 | K11: 45689
A12: SKU-006 | B12: Dress Casual Wanita | C12: Fashion | D12: -28 | E12: 45 | F12: 7 | G12: 5 | H12: SUP_FA01 | I12: 45664 | J12: 450000 | K12: 45658
A13: SKU-011 | B13: Vacuum Cleaner Deerma | C13: Home & Living | D13: -18 | E13: 15 | F13: 4 | G13: 6 | H13: SUP_HM02 | I13: 46099 | J13: 1200000 | K13: 46082
... A76: SKU-002 | B76: Smartphone Samsung A54 | C76: Electronics | D76: 42 | E76: 25 | F76: 4 | G76: 19 | H76: SUP_EL02 | I76: 45881 | J76: 4500000 | K76: 45870
A77: SKU-019 | B77: Madu Hutan Asli 500ml | C77: Food & Beverage | D77: 18 | E77: 60 | F77: 8 | G77: 5 | H77: SUP_FB02 | I77: 45712 | K77: 45689
A78: SKU-004 | B78: Smartwatch Xiaomi Band | C78: Electronics | D78: 17 | E78: 30 | F78: 6 | G78: 8 | H78: SUP_EL01 | I78: 45996 | J78: 1200000 | K78: 45992
A79: SKU-016 | B79: Parfum EDT Brasov 100ml | C79: Beauty | D79: 238 | E79: 50 | F79: 2 | G79: 7 | H79: SUP_BT02 | I79: 45671 | J79: 125000 | K79: 45658
A80: SKU-008 | B80: Tas Ransel Eiger | C80: Fashion | D80: 0 | E80: 40 | F80: 10 | G80: 7 | H80: SUP_FA02 | I80: 46109 | J80: 550000 | K80: 46082
A81: SKU-018 | B81: Teh Organik Premium Box | C81: Food & Beverage | E81: 80 | F81: 11 | G81: 4 | H81: SUP_FB01 | I81: 45766 | J81: 65000 | K81: 45748
A82: SKU-017 | B82: Kopi Arabika 250g Pack | C82: Food & Beverage | D82: 26 | E82: 100 | F82: 16 | G82: 4 | H82: SUP_FB01 | I82: 45778 | J82: 85000 | K82: 45778
A83: SKU-014 | B83: Lipstik Matte Wardah | C83: Beauty | D83: 301 | E83: 80 | F83: 3 | G83: 4 | H83: SUP_BT01 | I83: 45936 | J83: 85000 | K83: 45931
A84: SKU-010 | B84: Rice Cooker Miyako 1.8L | C84: Home & Living | D84: 19 | E84: 25 | F84: 4 | G84: 10 | H84: SUP_HM01 | I84: 45729 | J84: 450000 | K84: 45717
A85: SKU-012 | B85: Kipas Angin Cosmos 16in | C85: Home & Living | D85: 51 | E85: 30 | F85: 6 | G85: 9 | H85: SUP_HM02 | I85: 45752 | J85: 350000 | K85: 45748
A86: SKU-007 | B86: Sepatu Sneakers Nike | C86: Fashion | D86: 17 | E86: 35 | F86: 5 | G86: 5 | H86: SUP_FA02 | I86: 45663 | J86: 1250000 | K86: 45658
A87: SKU-015 | B87: Foundation Maybelline Fit | C87: Beauty | D87: 223 | E87: 60 | F87: 4 | G87: 8 | H87: SUP_BT02 | I87: 46108 | J87: 165000 | K87: 46082
A88: SKU-005 | B88: Kemeja Formal Pria | C88: Fashion | D88: 34 | E88: 50 | F88: 6 | G88: 6 | H88: SUP_FA01 | I88: 45849 | J88: 350000 | K88: 45839
A89: SKU-008 | B89: Tas Ransel Eiger | C89: Fashion | D89: 10 | E89: 40 | F89: 4 | G89: 3 | H89: SUP_FA02 | I89: 46055 | J89: 550000 | K89: 46054
A90: SKU-014 | B90: Lipstik Matte Wardah | C90: Beauty | D90: 436 | E90: 80 | F90: 4 | G90: 4 | H90: SUP_BT01 | I90: 45755 | J90: 85000 | K90: 45748
A91: SKU-002 | B91: Smartphone Samsung A54 | C91: Electronics | D91: 0 | E91: 25 | F91: 8 | G91: 10 | H91: SUP_EL02 | I91: 46013 | J91: 4500000 | K91: 45992
A92: SKU-002 | B92: Smartphone Samsung A54 | C92: Electronics | D92: 20 | E92: 25 | F92: 4 | G92: 19 | H92: SUP_EL02 | I92: 45786 | J92: 4500000 | K92: 45778
A93: SKU-010 | B93: Rice Cooker Miyako 1.8L | C93: Home & Living | D93: 42 | E93: 25 | F93: 4 | G93: 8 | H93: SUP_HM01 | I93: 46029 | J93: 450000 | K93: 46023
... A122: SKU-007 | B122: Sepatu Sneakers Nike | C122: Fashion | D122: 18 | E122: 35 | F122: 7 | G122: 5 | H122: SUP_FA02 | I122: 45859 | J122: 1250000 | K122: 45839
A123: SKU-010 | B123: Rice Cooker Miyako 1.8L | C123: Home & Living | D123: 14 | E123: 25 | F123: 5 | G123: 9 | H123: SUP_HM01 | I123: 45816 | K123: 45809
A124: SKU-012 | B124: Kipas Angin Cosmos 16in | C124: Home & Living | D124: 34 | E124: 30 | F124: 5 | G124: 5 | H124: SUP_HM02 | I124: 46007 | J124: 350000 | K124: 45992
A125: SKU-006 | B125: Dress Casual Wanita | C125: Fashion | D125: 0 | E125: 45 | F125: 13 | G125: 7 | H125: SUP_FA01 | I125: 46015 | J125: 450000 | K125: 45992
A126: SKU-018 | B126: Teh Organik Premium Box | C126: Food & Beverage | D126: 17 | E126: 80 | F126: 11 | G126: 5 | H126: SUP_FB01 | I126: 45882 | J126: 65000 | K126: 45870
A127: SKU-019 | B127: Madu Hutan Asli 500ml | C127: Food & Beverage | D127: 0 | E127: 60 | F127: 14 | G127: 4 | H127: SUP_FB02 | I127: 45741 | J127: 175000 | K127: 45717
A128: SKU-011 | B128: Vacuum Cleaner Deerma | C128: Home & Living | D128: 13 | E128: 15 | F128: 2 | G128: 7 | H128: SUP_HM02 | I128: 45799 | J128: 1200000 | K128: 45778
A129: SKU-018 | B129: Teh Organik Premium Box | C129: Food & Beverage | D129: 9 | E129: 80 | F129: 11 | G129: 4 | H129: SUP_FB01 | I129: 46077 | J129: 65000 | K129: 46054
A130: SKU-015 | B130: Foundation Maybelline Fit | C130: Beauty | D130: 202 | E130: 60 | F130: 2 | G130: 4 | H130: SUP_BT02 | I130: 46019 | J130: 165000 | K130: 45992
A131: SKU-015 | B131: Foundation Maybelline Fit | C131: Beauty | D131: 252 | E131: 60 | F131: 4 | G131: 7 | H131: SUP_BT02 | I131: 45930 | J131: 165000 | K131: 45901
A132: SKU-009 | B132: Blender Philips HR2157 | C132: Home & Living | D132: 20 | E132: 20 | F132: 2 | G132: 7 | H132: SUP_HM01 | I132: 46027 | J132: 750000 | K132: 46023
A133: SKU-013 | B133: Skincare Set Whitelab | C133: Beauty | D133: 153 | E133: 40 | F133: 4 | G133: 5 | H133: SUP_BT01 | I133: 46097 | J133: 550000 | K133: 46082
A134: SKU-010 | B134: Rice Cooker Miyako 1.8L | C134: Home & Living | D134: 41 | E134: 25 | F134: 4 | G134: 10 | H134: SUP_HM01 | I134: 45801 | J134: 450000 | K134: 45778
A135: SKU-014 | B135: Lipstik Matte Wardah | C135: Beauty | D135: 405 | E135: 80 | G135: 5 | H135: SUP_BT01 | I135: 45663 | J135: 85000 | K135: 45658
A136: SKU-009 | B136: Blender Philips HR2157 | C136: Home & Living | D136: 32 | E136: 20 | F136: 1 | G136: 8 | H136: SUP_HM01 | I136: 45955 | J136: 750000 | K136: 45931
A137: SKU-003 | B137: Headphone Sony WH-1000 | C137: Electronics | D137: 0 | E137: 20 | F137: 3 | G137: 7 | H137: SUP_EL02 | I137: 45919 | J137: 3200000 | K137: 45901
A138: SKU-014 | B138: Lipstik Matte Wardah | C138: Beauty | D138: 255 | E138: 80 | F138: 4 | G138: 6 | H138: SUP_BT01 | I138: 46001 | J138: 85000 | K138: 45992
A139: SKU-013 | B139: Skincare Set Whitelab | C139: Beauty | D139: 168 | E139: 40 | F139: 3 | G139: 5 | H139: SUP_BT01 | I139: 45709 | J139: 550000 | K139: 45689
A140: SKU-010 | B140: Rice Cooker Miyako 1.8L | C140: Home & Living | D140: 58 | E140: 25 | F140: 1 | G140: 10 | H140: SUP_HM01 | I140: 45952 | J140: 450000 | K140: 45931
A141: SKU-008 | B141: Tas Ransel Eiger | C141: Fashion | D141: 42 | E141: 40 | F141: 4 | G141: 7 | H141: SUP_FA02 | I141: 45889 | J141: 550000 | K141: 45870
A142: SKU-012 | B142: Kipas Angin Cosmos 16in | C142: Home & Living | D142: 35 | E142: 30 | F142: 5 | G142: 6 | H142: SUP_HM02 | I142: 46048 | J142: 350000 | K142: 46023
A143: SKU-008 | B143: Tas Ransel Eiger | C143: Fashion | D143: 36 | E143: 40 | F143: 6 | G143: 4 | H143: SUP_FA02 | I143: 46044 | J143: 550000 | K143: 46023
A144: SKU-020 | B144: Snack Granola Mix 500g | C144: Food & Beverage | D144: 87 | E144: 120 | F144: 18 | G144: 7 | H144: SUP_FB02 | I144: 45748 | J144: 55000 | K144: 45748
A145: SKU-019 | B145: Madu Hutan Asli 500ml | C145: Food & Beverage | D145: 35 | E145: 60 | F145: 6 | G145: 7 | H145: SUP_FB02 | I145: 46221 | J145: 175000 | K145: 46023
A146: SKU-011 | B146: Vacuum Cleaner Deerma | C146: Home & Living | D146: 32 | E146: 15 | F146: 1 | G146: 8 | H146: SUP_HM02 | I146: 46079 | J146: 1200000 | K146: 46054
A147: SKU-013 | B147: Skincare Set Whitelab | C147: Beauty | D147: 139 | E147: 40 | F147: 2 | G147: 6 | H147: SUP_BT01 | I147: 45845 | J147: 550000 | K147: 45839
... A191: SKU-010 | B191: Rice Cooker Miyako 1.8L | C191: Home & Living | D191: 21 | E191: 25 | F191: 3 | G191: 9 | H191: SUP_HM01 | I191: 45854 | J191: 450000 | K191: 45839
A192: SKU-019 | B192: Madu Hutan Asli 500ml | C192: Food & Beverage | D192: 12 | E192: 60 | F192: 10 | H192: SUP_FB02 | I192: 45965 | J192: 175000 | K192: 45962
A193: SKU-001 | B193: Laptop ASUS Vivobook | C193: Electronics | D193: 17 | E193: 15 | F193: 1 | G193: 6 | H193: SUP_EL01 | I193: 45665 | J193: 8500000 | K193: 45658
A194: SKU-019 | B194: Madu Hutan Asli 500ml | C194: Food & Beverage | D194: 34 | E194: 60 | F194: 7 | G194: 6 | H194: SUP_FB02 | I194: 45934 | J194: 175000 | K194: 45931
A195: SKU-019 | B195: Madu Hutan Asli 500ml | C195: Food & Beverage | D195: 21 | E195: 60 | F195: 9 | G195: 4 | H195: SUP_FB02 | I195: 46067 | J195: 175000 | K195: 46054
A196: SKU-007 | B196: Sepatu Sneakers Nike | C196: Fashion | D196: 0 | E196: 35 | F196: 9 | G196: 6 | H196: SUP_FA02 | I196: 45973 | J196: 1250000 | K196: 45962
A197: SKU-013 | B197: Skincare Set Whitelab | C197: Beauty | D197: 150 | E197: 40 | F197: 4 | G197: 4 | H197: SUP_BT01 | I197: 46040 | J197: 550000 | K197: 46023
A198: SKU-018 | B198: Teh Organik Premium Box | C198: Food & Beverage | D198: 18 | E198: 80 | F198: 10 | G198: 4 | H198: SUP_FB01 | I198: 46024 | J198: 65000 | K198: 46023
A199: SKU-007 | B199: Sepatu Sneakers Nike | C199: Fashion | D199: 27 | E199: 35 | F199: 8 | G199: 6 | H199: SUP_FA02 | I199: 46054 | J199: 1250000 | K199: 46054
A200: SKU-012 | B200: Kipas Angin Cosmos 16in | C200: Home & Living | D200: 39 | E200: 30 | F200: 6 | G200: 10 | H200: SUP_HM02 | I200: 45854 | J200: 350000 | K200: 45839
A201: SKU-007 | B201: Sepatu Sneakers Nike | C201: Fashion | D201: 10 | E201: 35 | F201: 7 | G201: 3 | H201: SUP_FA02 | I201: 45929 | J201: 1250000 | K201: 45901
A202: SKU-003 | B202: Headphone Sony WH-1000 | C202: Electronics | D202: 7 | E202: 20 | F202: 2 | G202: 13 | H202: SUP_EL02 | I202: 45861 | J202: 3200000 | K202: 45839
A203: SKU-005 | B203: Kemeja Formal Pria | C203: Fashion | D203: 13 | E203: 50 | F203: 8 | G203: 4 | H203: SUP_FA01 | I203: 45691 | J203: 350000 | K203: 45689
A204: SKU-011 | B204: Vacuum Cleaner Deerma | C204: Home & Living | E204: 15 | F204: 2 | G204: 4 | H204: SUP_HM02 | I204: 45688 | J204: 1200000 | K204: 45658
A205: SKU-017 | B205: Kopi Arabika 250g Pack | C205: Food & Beverage | D205: 19 | E205: 100 | F205: 16 | G205: 4 | H205: SUP_FB01 | I205: 45965 | J205: 85000 | K205: 45962
A206: SKU-017 | B206: Kopi Arabika 250g Pack | C206: Food & Beverage | D206: 36 | E206: 100 | F206: 16 | G206: 5 | H206: SUP_FB01 | I206: 45851 | J206: 85000 | K206: 45839
A207: SKU-018 | B207: Teh Organik Premium Box | C207: Food & Beverage | D207: 33 | E207: 80 | F207: 13 | G207: 4 | H207: SUP_FB01 | I207: 45697 | J207: 65000 | K207: 45689
A208: SKU-001 | B208: Laptop ASUS Vivobook | C208: Electronics | D208: 0 | E208: 15 | F208: 2 | G208: 8 | H208: SUP_EL01 | I208: 45994 | J208: 8500000 | K208: 45992
A209: SKU-004 | B209: Smartwatch Xiaomi Band | C209: Electronics | D209: 34 | E209: 30 | F209: 4 | G209: 5 | H209: SUP_EL01 | I209: 46083 | J209: 1200000 | K209: 46082
A210: SKU-014 | B210: Lipstik Matte Wardah | C210: Beauty | D210: 427 | E210: 80 | F210: 2 | G210: 5 | H210: SUP_BT01 | I210: 45838 | J210: 85000 | K210: 45809
A211: SKU-019 | B211: Madu Hutan Asli 500ml | C211: Food & Beverage | D211: 14 | E211: 60 | F211: 8 | G211: 6 | H211: SUP_FB02 | I211: 45930 | J211: 175000 | K211: 45901
A212: SKU-002 | B212: Smartphone Samsung A54 | C212: Electronics | D212: 32 | E212: 25 | F212: 6 | G212: 17 | H212: SUP_EL02 | I212: 46026 | J212: 4500000 | K212: 46023
A213: SKU-016 | B213: Parfum EDT Brasov 100ml | C213: Beauty | E213: 50 | F213: 1 | G213: 7 | H213: SUP_BT02 | I213: 45885 | J213: 125000 | K213: 45870
A214: SKU-001 | B214: Laptop ASUS Vivobook | C214: Electronics | D214: 28 | E214: 15 | F214: 1 | G214: 6 | H214: SUP_EL01 | I214: 45800 | J214: 8500000 | K214: 45778
A215: SKU-009 | B215: Blender Philips HR2157 | C215: Home & Living | D215: 21 | E215: 20 | F215: 2 | G215: 9 | H215: SUP_HM01 | I215: 45724 | J215: 750000 | K215: 45717
A216: SKU-003 | B216: Headphone Sony WH-1000 | C216: Electronics | D216: 12 | E216: 20 | F216: 2 | G216: 16 | H216: SUP_EL02 | I216: 45724 | J216: 3200000 | K216: 45717
A217: SKU-020 | B217: Snack Granola Mix 500g | C217: Food & Beverage | D217: 72 | E217: 120 | F217: 18 | G217: 7 | H217: SUP_FB02 | I217: 45815 | J217: 55000 | K217: 45809
A218: SKU-011 | B218: Vacuum Cleaner Deerma | C218: Home & Living | D218: 33 | E218: 15 | F218: 2 | G218: 10 | H218: SUP_HM02 | I218: 46032 | J218: 1200000 | K218: 46023
A219: SKU-015 | B219: Foundation Maybelline Fit | C219: Beauty | D219: 246 | E219: 60 | F219: 3 | G219: 7 | H219: SUP_BT02 | I219: 46049 | J219: 165000 | K219: 46023
A220: SKU-018 | B220: Teh Organik Premium Box | C220: Food & Beverage | D220: 64 | E220: 80 | F220: 13 | G220: 5 | H220: SUP_FB01 | I220: 45970 | J220: 65000 | K220: 45962
A221: SKU-010 | B221: Rice Cooker Miyako 1.8L | C221: Home & Living | D221: 37 | E221: 25 | F221: 1 | G221: 9 | H221: SUP_HM01 | I221: 45775 | J221: 450000 | K221: 45748
A222: SKU-005 | B222: Kemeja Formal Pria | C222: Fashion | D222: 0 | E222: 50 | F222: 13 | G222: 3 | H222: SUP_FA01 | I222: 45747 | J222: 350000 | K222: 45717
A223: SKU-015 | B223: Foundation Maybelline Fit | C223: Beauty | D223: 230 | E223: 60 | F223: 2 | G223: 8 | H223: SUP_BT02 | I223: 45817 | J223: 165000 | K223: 45809
A224: SKU-010 | B224: Rice Cooker Miyako 1.8L | C224: Home & Living | D224: 52 | E224: 25 | F224: 4 | G224: 9 | H224: SUP_HM01 | I224: 45671 | J224: 450000 | K224: 45658
A225: SKU-009 | B225: Blender Philips HR2157 | C225: Home & Living | D225: 47 | E225: 20 | F225: 4 | G225: 9 | H225: SUP_HM01 | I225: 45909 | J225: 750000 | K225: 45901
... A229: SKU-019 | B229: Madu Hutan Asli 500ml | C229: Food & Beverage | D229: 37 | E229: 60 | F229: 8 | G229: 5 | H229: SUP_FB02 | I229: 45795 | J229: 175000 | K229: 45778
A230: SKU-005 | B230: Kemeja Formal Pria | C230: Fashion | D230: 49 | E230: 50 | F230: 5 | H230: SUP_FA01 | I230: 45784 | J230: 350000 | K230: 45778
A231: SKU-003 | B231: Headphone Sony WH-1000 | C231: Electronics | D231: 22 | E231: 20 | F231: 4 | G231: 8 | H231: SUP_EL02 | I231: 46103 | J231: 3200000 | K231: 46082
A232: SKU-017 | B232: Kopi Arabika 250g Pack | C232: Food & Beverage | D232: 58 | E232: 100 | F232: 14 | G232: 3 | H232: SUP_FB01 | I232: 45951 | J232: 85000 | K232: 45931
A233: SKU-011 | B233: Vacuum Cleaner Deerma | C233: Home & Living | D233: 14 | E233: 15 | F233: 2 | G233: 5 | H233: SUP_HM02 | I233: 45858 | J233: 1200000 | K233: 45839
A234: SKU-003 | B234: Headphone Sony WH-1000 | C234: Electronics | D234: 0 | E234: 20 | F234: 4 | G234: 17 | H234: SUP_EL02 | I234: 45964 | J234: 3200000 | K234: 45962
A235: SKU-009 | B235: Blender Philips HR2157 | C235: Home & Living | D235: 26 | E235: 20 | F235: 2 | G235: 10 | H235: SUP_HM01 | I235: 45762 | J235: 750000 | K235: 45748
A236: SKU-020 | B236: Snack Granola Mix 500g | C236: Food & Beverage | D236: 12 | E236: 120 | F236: 21 | G236: 5 | H236: SUP_FB02 | I236: 45706 | J236: 55000 | K236: 45689
...

Sheet Sheet12
A1: SKU | B1: ProductName | C1: Category | D1: CurrentStock | E1: ReorderPoint | F1: DailySalesAvg | G1: LeadTime | H1: SupplierID | I1: LastRestockDate | J1: UnitPrice | K1: SnapshotDate
A2: SKU-016 | B2: Parfum EDT Brasov 100ml | C2: Beauty | D2: 271 | E2: 50 | F2: 2 | G2: 4 | H2: SUP_BT02 | I2: 45748 | J2: 125000 | K2: 45748
A3: SKU-001 | B3: Laptop ASUS Vivobook | C3: Electronics | D3: 21 | E3: 15 | F3: 4 | G3: 5 | H3: SUP_EL01 | I3: 45942 | J3: 8500000 | K3: 45931
A4: SKU-004 | B4: Smartwatch Xiaomi Band | C4: Electronics | D4: 30 | E4: 30 | F4: 2 | G4: 7 | H4: SUP_EL01 | I4: 46029 | J4: 1200000 | K4: 46023
A5: SKU-005 | B5: Kemeja Formal Pria | C5: Fashion | D5: 25 | E5: 50 | F5: 6 | G5: 3 | H5: SUP_FA01 | I5: 45688 | J5: 350000 | K5: 45658
A6: SKU-002 | B6: Smartphone Samsung A54 | C6: Electronics | D6: 0 | E6: 25 | F6: 7 | G6: 21 | H6: SUP_EL02 | I6: 45978 | J6: 4500000 | K6: 45962
A7: SKU-005 | B7: Kemeja Formal Pria | C7: Fashion | D7: 0 | E7: 50 | F7: 11 | G7: 7 | H7: SUP_FA01 | I7: 45749 | J7: 350000 | K7: 45748
A8: SKU-007 | B8: Sepatu Sneakers Nike | C8: Fashion | D8: 0 | E8: 35 | F8: 8 | G8: 5 | H8: SUP_FA02 | I8: 45774 | J8: 1250000 | K8: 45748
A9: SKU-013 | B9: Skincare Set Whitelab | C9: Beauty | D9: 220 | E9: 40 | F9: 2 | G9: 5 | H9: SUP_BT01 | I9: 45831 | J9: 550000 | K9: 45809
A10: SKU-018 | B10: Teh Organik Premium Box | C10: Food & Beverage | D10: 28 | E10: 80 | F10: 11 | G10: 4 | H10: SUP_FB01 | I10: 45812 | J10: 65000 | K10: 45809
A11: SKU-004 | B11: Smartwatch Xiaomi Band | C11: Electronics | D11: 24 | E11: 30 | F11: 3 | G11: 6 | H11: SUP_EL01 | I11: 45695 | J11: 1200000 | K11: 45689
A12: SKU-006 | B12: Dress Casual Wanita | C12: Fashion | D12: -28 | E12: 45 | F12: 7 | G12: 5 | H12: SUP_FA01 | I12: 45664 | J12: 450000 | K12: 45658
A13: SKU-011 | B13: Vacuum Cleaner Deerma | C13: Home & Living | D13: -18 | E13: 15 | F13: 4 | G13: 6 | H13: SUP_HM02 | I13: 46099 | J13: 1200000 | K13: 46082
... A76: SKU-002 | B76: Smartphone Samsung A54 | C76: Electronics | D76: 42 | E76: 25 | F76: 4 | G76: 19 | H76: SUP_EL02 | I76: 45881 | J76: 4500000 | K76: 45870
A77: SKU-019 | B77: Madu Hutan Asli 500ml | C77: Food & Beverage | D77: 18 | E77: 60 | F77: 8 | G77: 5 | H77: SUP_FB02 | I77: 45712 | K77: 45689
A78: SKU-004 | B78: Smartwatch Xiaomi Band | C78: Electronics | D78: 17 | E78: 30 | F78: 6 | G78: 8 | H78: SUP_EL01 | I78: 45996 | J78: 1200000 | K78: 45992
A79: SKU-016 | B79: Parfum EDT Brasov 100ml | C79: Beauty | D79: 238 | E79: 50 | F79: 2 | G79: 7 | H79: SUP_BT02 | I79: 45671 | J79: 125000 | K79: 45658
A80: SKU-008 | B80: Tas Ransel Eiger | C80: Fashion | D80: 0 | E80: 40 | F80: 10 | G80: 7 | H80: SUP_FA02 | I80: 46109 | J80: 550000 | K80: 46082
A81: SKU-018 | B81: Teh Organik Premium Box | C81: Food & Beverage | E81: 80 | F81: 11 | G81: 4 | H81: SUP_FB01 | I81: 45766 | J81: 65000 | K81: 45748
A82: SKU-017 | B82: Kopi Arabika 250g Pack | C82: Food & Beverage | D82: 26 | E82: 100 | F82: 16 | G82: 4 | H82: SUP_FB01 | I82: 45778 | J82: 85000 | K82: 45778
A83: SKU-014 | B83: Lipstik Matte Wardah | C83: Beauty | D83: 301 | E83: 80 | F83: 3 | G83: 4 | H83: SUP_BT01 | I83: 45936 | J83: 85000 | K83: 45931
A84: SKU-010 | B84: Rice Cooker Miyako 1.8L | C84: Home & Living | D84: 19 | E84: 25 | F84: 4 | G84: 10 | H84: SUP_HM01 | I84: 45729 | J84: 450000 | K84: 45717
A85: SKU-012 | B85: Kipas Angin Cosmos 16in | C85: Home & Living | D85: 51 | E85: 30 | F85: 6 | G85: 9 | H85: SUP_HM02 | I85: 45752 | J85: 350000 | K85: 45748
A86: SKU-007 | B86: Sepatu Sneakers Nike | C86: Fashion | D86: 17 | E86: 35 | F86: 5 | G86: 5 | H86: SUP_FA02 | I86: 45663 | J86: 1250000 | K86: 45658
A87: SKU-015 | B87: Foundation Maybelline Fit | C87: Beauty | D87: 223 | E87: 60 | F87: 4 | G87: 8 | H87: SUP_BT02 | I87: 46108 | J87: 165000 | K87: 46082
A88: SKU-005 | B88: Kemeja Formal Pria | C88: Fashion | D88: 34 | E88: 50 | F88: 6 | G88: 6 | H88: SUP_FA01 | I88: 45849 | J88: 350000 | K88: 45839
A89: SKU-008 | B89: Tas Ransel Eiger | C89: Fashion | D89: 10 | E89: 40 | F89: 4 | G89: 3 | H89: SUP_FA02 | I89: 46055 | J89: 550000 | K89: 46054
A90: SKU-014 | B90: Lipstik Matte Wardah | C90: Beauty | D90: 436 | E90: 80 | F90: 4 | G90: 4 | H90: SUP_BT01 | I90: 45755 | J90: 85000 | K90: 45748
A91: SKU-002 | B91: Smartphone Samsung A54 | C91: Electronics | D91: 0 | E91: 25 | F91: 8 | G91: 10 | H91: SUP_EL02 | I91: 46013 | J91: 4500000 | K91: 45992
A92: SKU-002 | B92: Smartphone Samsung A54 | C92: Electronics | D92: 20 | E92: 25 | F92: 4 | G92: 19 | H92: SUP_EL02 | I92: 45786 | J92: 4500000 | K92: 45778
A93: SKU-010 | B93: Rice Cooker Miyako 1.8L | C93: Home & Living | D93: 42 | E93: 25 | F93: 4 | G93: 8 | H93: SUP_HM01 | I93: 46029 | J93: 450000 | K93: 46023
... A122: SKU-007 | B122: Sepatu Sneakers Nike | C122: Fashion | D122: 18 | E122: 35 | F122: 7 | G122: 5 | H122: SUP_FA02 | I122: 45859 | J122: 1250000 | K122: 45839
A123: SKU-010 | B123: Rice Cooker Miyako 1.8L | C123: Home & Living | D123: 14 | E123: 25 | F123: 5 | G123: 9 | H123: SUP_HM01 | I123: 45816 | K123: 45809
A124: SKU-012 | B124: Kipas Angin Cosmos 16in | C124: Home & Living | D124: 34 | E124: 30 | F124: 5 | G124: 5 | H124: SUP_HM02 | I124: 46007 | J124: 350000 | K124: 45992
A125: SKU-006 | B125: Dress Casual Wanita | C125: Fashion | D125: 0 | E125: 45 | F125: 13 | G125: 7 | H125: SUP_FA01 | I125: 46015 | J125: 450000 | K125: 45992
A126: SKU-018 | B126: Teh Organik Premium Box | C126: Food & Beverage | D126: 17 | E126: 80 | F126: 11 | G126: 5 | H126: SUP_FB01 | I126: 45882 | J126: 65000 | K126: 45870
A127: SKU-019 | B127: Madu Hutan Asli 500ml | C127: Food & Beverage | D127: 0 | E127: 60 | F127: 14 | G127: 4 | H127: SUP_FB02 | I127: 45741 | J127: 175000 | K127: 45717
A128: SKU-011 | B128: Vacuum Cleaner Deerma | C128: Home & Living | D128: 13 | E128: 15 | F128: 2 | G128: 7 | H128: SUP_HM02 | I128: 45799 | J128: 1200000 | K128: 45778
A129: SKU-018 | B129: Teh Organik Premium Box | C129: Food & Beverage | D129: 9 | E129: 80 | F129: 11 | G129: 4 | H129: SUP_FB01 | I129: 46077 | J129: 65000 | K129: 46054
A130: SKU-015 | B130: Foundation Maybelline Fit | C130: Beauty | D130: 202 | E130: 60 | F130: 2 | G130: 4 | H130: SUP_BT02 | I130: 46019 | J130: 165000 | K130: 45992
A131: SKU-015 | B131: Foundation Maybelline Fit | C131: Beauty | D131: 252 | E131: 60 | F131: 4 | G131: 7 | H131: SUP_BT02 | I131: 45930 | J131: 165000 | K131: 45901
A132: SKU-009 | B132: Blender Philips HR2157 | C132: Home & Living | D132: 20 | E132: 20 | F132: 2 | G132: 7 | H132: SUP_HM01 | I132: 46027 | J132: 750000 | K132: 46023
A133: SKU-013 | B133: Skincare Set Whitelab | C133: Beauty | D133: 153 | E133: 40 | F133: 4 | G133: 5 | H133: SUP_BT01 | I133: 46097 | J133: 550000 | K133: 46082
A134: SKU-010 | B134: Rice Cooker Miyako 1.8L | C134: Home & Living | D134: 41 | E134: 25 | F134: 4 | G134: 10 | H134: SUP_HM01 | I134: 45801 | J134: 450000 | K134: 45778
A135: SKU-014 | B135: Lipstik Matte Wardah | C135: Beauty | D135: 405 | E135: 80 | G135: 5 | H135: SUP_BT01 | I135: 45663 | J135: 85000 | K135: 45658
A136: SKU-009 | B136: Blender Philips HR2157 | C136: Home & Living | D136: 32 | E136: 20 | F136: 1 | G136: 8 | H136: SUP_HM01 | I136: 45955 | J136: 750000 | K136: 45931
A137: SKU-003 | B137: Headphone Sony WH-1000 | C137: Electronics | D137: 0 | E137: 20 | F137: 3 | G137: 7 | H137: SUP_EL02 | I137: 45919 | J137: 3200000 | K137: 45901
A138: SKU-014 | B138: Lipstik Matte Wardah | C138: Beauty | D138: 255 | E138: 80 | F138: 4 | G138: 6 | H138: SUP_BT01 | I138: 46001 | J138: 85000 | K138: 45992
A139: SKU-013 | B139: Skincare Set Whitelab | C139: Beauty | D139: 168 | E139: 40 | F139: 3 | G139: 5 | H139: SUP_BT01 | I139: 45709 | J139: 550000 | K139: 45689
A140: SKU-010 | B140: Rice Cooker Miyako 1.8L | C140: Home & Living | D140: 58 | E140: 25 | F140: 1 | G140: 10 | H140: SUP_HM01 | I140: 45952 | J140: 450000 | K140: 45931
A141: SKU-008 | B141: Tas Ransel Eiger | C141: Fashion | D141: 42 | E141: 40 | F141: 4 | G141: 7 | H141: SUP_FA02 | I141: 45889 | J141: 550000 | K141: 45870
A142: SKU-012 | B142: Kipas Angin Cosmos 16in | C142: Home & Living | D142: 35 | E142: 30 | F142: 5 | G142: 6 | H142: SUP_HM02 | I142: 46048 | J142: 350000 | K142: 46023
A143: SKU-008 | B143: Tas Ransel Eiger | C143: Fashion | D143: 36 | E143: 40 | F143: 6 | G143: 4 | H143: SUP_FA02 | I143: 46044 | J143: 550000 | K143: 46023
A144: SKU-020 | B144: Snack Granola Mix 500g | C144: Food & Beverage | D144: 87 | E144: 120 | F144: 18 | G144: 7 | H144: SUP_FB02 | I144: 45748 | J144: 55000 | K144: 45748
A145: SKU-019 | B145: Madu Hutan Asli 500ml | C145: Food & Beverage | D145: 35 | E145: 60 | F145: 6 | G145: 7 | H145: SUP_FB02 | I145: 46221 | J145: 175000 | K145: 46023
A146: SKU-011 | B146: Vacuum Cleaner Deerma | C146: Home & Living | D146: 32 | E146: 15 | F146: 1 | G146: 8 | H146: SUP_HM02 | I146: 46079 | J146: 1200000 | K146: 46054
A147: SKU-013 | B147: Skincare Set Whitelab | C147: Beauty | D147: 139 | E147: 40 | F147: 2 | G147: 6 | H147: SUP_BT01 | I147: 45845 | J147: 550000 | K147: 45839
... A191: SKU-010 | B191: Rice Cooker Miyako 1.8L | C191: Home & Living | D191: 21 | E191: 25 | F191: 3 | G191: 9 | H191: SUP_HM01 | I191: 45854 | J191: 450000 | K191: 45839
A192: SKU-019 | B192: Madu Hutan Asli 500ml | C192: Food & Beverage | D192: 12 | E192: 60 | F192: 10 | H192: SUP_FB02 | I192: 45965 | J192: 175000 | K192: 45962
A193: SKU-001 | B193: Laptop ASUS Vivobook | C193: Electronics | D193: 17 | E193: 15 | F193: 1 | G193: 6 | H193: SUP_EL01 | I193: 45665 | J193: 8500000 | K193: 45658
A194: SKU-019 | B194: Madu Hutan Asli 500ml | C194: Food & Beverage | D194: 34 | E194: 60 | F194: 7 | G194: 6 | H194: SUP_FB02 | I194: 45934 | J194: 175000 | K194: 45931
A195: SKU-019 | B195: Madu Hutan Asli 500ml | C195: Food & Beverage | D195: 21 | E195: 60 | F195: 9 | G195: 4 | H195: SUP_FB02 | I195: 46067 | J195: 175000 | K195: 46054
A196: SKU-007 | B196: Sepatu Sneakers Nike | C196: Fashion | D196: 0 | E196: 35 | F196: 9 | G196: 6 | H196: SUP_FA02 | I196: 45973 | J196: 1250000 | K196: 45962
A197: SKU-013 | B197: Skincare Set Whitelab | C197: Beauty | D197: 150 | E197: 40 | F197: 4 | G197: 4 | H197: SUP_BT01 | I197: 46040 | J197: 550000 | K197: 46023
A198: SKU-018 | B198: Teh Organik Premium Box | C198: Food & Beverage | D198: 18 | E198: 80 | F198: 10 | G198: 4 | H198: SUP_FB01 | I198: 46024 | J198: 65000 | K198: 46023
A199: SKU-007 | B199: Sepatu Sneakers Nike | C199: Fashion | D199: 27 | E199: 35 | F199: 8 | G199: 6 | H199: SUP_FA02 | I199: 46054 | J199: 1250000 | K199: 46054
A200: SKU-012 | B200: Kipas Angin Cosmos 16in | C200: Home & Living | D200: 39 | E200: 30 | F200: 6 | G200: 10 | H200: SUP_HM02 | I200: 45854 | J200: 350000 | K200: 45839
A201: SKU-007 | B201: Sepatu Sneakers Nike | C201: Fashion | D201: 10 | E201: 35 | F201: 7 | G201: 3 | H201: SUP_FA02 | I201: 45929 | J201: 1250000 | K201: 45901
A202: SKU-003 | B202: Headphone Sony WH-1000 | C202: Electronics | D202: 7 | E202: 20 | F202: 2 | G202: 13 | H202: SUP_EL02 | I202: 45861 | J202: 3200000 | K202: 45839
A203: SKU-005 | B203: Kemeja Formal Pria | C203: Fashion | D203: 13 | E203: 50 | F203: 8 | G203: 4 | H203: SUP_FA01 | I203: 45691 | J203: 350000 | K203: 45689
A204: SKU-011 | B204: Vacuum Cleaner Deerma | C204: Home & Living | E204: 15 | F204: 2 | G204: 4 | H204: SUP_HM02 | I204: 45688 | J204: 1200000 | K204: 45658
A205: SKU-017 | B205: Kopi Arabika 250g Pack | C205: Food & Beverage | D205: 19 | E205: 100 | F205: 16 | G205: 4 | H205: SUP_FB01 | I205: 45965 | J205: 85000 | K205: 45962
A206: SKU-017 | B206: Kopi Arabika 250g Pack | C206: Food & Beverage | D206: 36 | E206: 100 | F206: 16 | G206: 5 | H206: SUP_FB01 | I206: 45851 | J206: 85000 | K206: 45839
A207: SKU-018 | B207: Teh Organik Premium Box | C207: Food & Beverage | D207: 33 | E207: 80 | F207: 13 | G207: 4 | H207: SUP_FB01 | I207: 45697 | J207: 65000 | K207: 45689
A208: SKU-001 | B208: Laptop ASUS Vivobook | C208: Electronics | D208: 0 | E208: 15 | F208: 2 | G208: 8 | H208: SUP_EL01 | I208: 45994 | J208: 8500000 | K208: 45992
A209: SKU-004 | B209: Smartwatch Xiaomi Band | C209: Electronics | D209: 34 | E209: 30 | F209: 4 | G209: 5 | H209: SUP_EL01 | I209: 46083 | J209: 1200000 | K209: 46082
A210: SKU-014 | B210: Lipstik Matte Wardah | C210: Beauty | D210: 427 | E210: 80 | F210: 2 | G210: 5 | H210: SUP_BT01 | I210: 45838 | J210: 85000 | K210: 45809
A211: SKU-019 | B211: Madu Hutan Asli 500ml | C211: Food & Beverage | D211: 14 | E211: 60 | F211: 8 | G211: 6 | H211: SUP_FB02 | I211: 45930 | J211: 175000 | K211: 45901
A212: SKU-002 | B212: Smartphone Samsung A54 | C212: Electronics | D212: 32 | E212: 25 | F212: 6 | G212: 17 | H212: SUP_EL02 | I212: 46026 | J212: 4500000 | K212: 46023
A213: SKU-016 | B213: Parfum EDT Brasov 100ml | C213: Beauty | E213: 50 | F213: 1 | G213: 7 | H213: SUP_BT02 | I213: 45885 | J213: 125000 | K213: 45870
A214: SKU-001 | B214: Laptop ASUS Vivobook | C214: Electronics | D214: 28 | E214: 15 | F214: 1 | G214: 6 | H214: SUP_EL01 | I214: 45800 | J214: 8500000 | K214: 45778
A215: SKU-009 | B215: Blender Philips HR2157 | C215: Home & Living | D215: 21 | E215: 20 | F215: 2 | G215: 9 | H215: SUP_HM01 | I215: 45724 | J215: 750000 | K215: 45717
A216: SKU-003 | B216: Headphone Sony WH-1000 | C216: Electronics | D216: 12 | E216: 20 | F216: 2 | G216: 16 | H216: SUP_EL02 | I216: 45724 | J216: 3200000 | K216: 45717
A217: SKU-020 | B217: Snack Granola Mix 500g | C217: Food & Beverage | D217: 72 | E217: 120 | F217: 18 | G217: 7 | H217: SUP_FB02 | I217: 45815 | J217: 55000 | K217: 45809
A218: SKU-011 | B218: Vacuum Cleaner Deerma | C218: Home & Living | D218: 33 | E218: 15 | F218: 2 | G218: 10 | H218: SUP_HM02 | I218: 46032 | J218: 1200000 | K218: 46023
A219: SKU-015 | B219: Foundation Maybelline Fit | C219: Beauty | D219: 246 | E219: 60 | F219: 3 | G219: 7 | H219: SUP_BT02 | I219: 46049 | J219: 165000 | K219: 46023
A220: SKU-018 | B220: Teh Organik Premium Box | C220: Food & Beverage | D220: 64 | E220: 80 | F220: 13 | G220: 5 | H220: SUP_FB01 | I220: 45970 | J220: 65000 | K220: 45962
A221: SKU-010 | B221: Rice Cooker Miyako 1.8L | C221: Home & Living | D221: 37 | E221: 25 | F221: 1 | G221: 9 | H221: SUP_HM01 | I221: 45775 | J221: 450000 | K221: 45748
A222: SKU-005 | B222: Kemeja Formal Pria | C222: Fashion | D222: 0 | E222: 50 | F222: 13 | G222: 3 | H222: SUP_FA01 | I222: 45747 | J222: 350000 | K222: 45717
A223: SKU-015 | B223: Foundation Maybelline Fit | C223: Beauty | D223: 230 | E223: 60 | F223: 2 | G223: 8 | H223: SUP_BT02 | I223: 45817 | J223: 165000 | K223: 45809
A224: SKU-010 | B224: Rice Cooker Miyako 1.8L | C224: Home & Living | D224: 52 | E224: 25 | F224: 4 | G224: 9 | H224: SUP_HM01 | I224: 45671 | J224: 450000 | K224: 45658
A225: SKU-009 | B225: Blender Philips HR2157 | C225: Home & Living | D225: 47 | E225: 20 | F225: 4 | G225: 9 | H225: SUP_HM01 | I225: 45909 | J225: 750000 | K225: 45901
... A229: SKU-019 | B229: Madu Hutan Asli 500ml | C229: Food & Beverage | D229: 37 | E229: 60 | F229: 8 | G229: 5 | H229: SUP_FB02 | I229: 45795 | J229: 175000 | K229: 45778
A230: SKU-005 | B230: Kemeja Formal Pria | C230: Fashion | D230: 49 | E230: 50 | F230: 5 | H230: SUP_FA01 | I230: 45784 | J230: 350000 | K230: 45778
A231: SKU-003 | B231: Headphone Sony WH-1000 | C231: Electronics | D231: 22 | E231: 20 | F231: 4 | G231: 8 | H231: SUP_EL02 | I231: 46103 | J231: 3200000 | K231: 46082
A232: SKU-017 | B232: Kopi Arabika 250g Pack | C232: Food & Beverage | D232: 58 | E232: 100 | F232: 14 | G232: 3 | H232: SUP_FB01 | I232: 45951 | J232: 85000 | K232: 45931
A233: SKU-011 | B233: Vacuum Cleaner Deerma | C233: Home & Living | D233: 14 | E233: 15 | F233: 2 | G233: 5 | H233: SUP_HM02 | I233: 45858 | J233: 1200000 | K233: 45839
A234: SKU-003 | B234: Headphone Sony WH-1000 | C234: Electronics | D234: 0 | E234: 20 | F234: 4 | G234: 17 | H234: SUP_EL02 | I234: 45964 | J234: 3200000 | K234: 45962
A235: SKU-009 | B235: Blender Philips HR2157 | C235: Home & Living | D235: 26 | E235: 20 | F235: 2 | G235: 10 | H235: SUP_HM01 | I235: 45762 | J235: 750000 | K235: 45748
A236: SKU-020 | B236: Snack Granola Mix 500g | C236: Food & Beverage | D236: 12 | E236: 120 | F236: 21 | G236: 5 | H236: SUP_FB02 | I236: 45706 | J236: 55000 | K236: 45689
...

Sheet Sheet3
A1: SKU | B1: ProductName | C1: Category | D1: CurrentStock | E1: ReorderPoint | F1: DailySalesAvg | G1: LeadTime | H1: SupplierID | I1: LastRestockDate | J1: UnitPrice | K1: SnapshotDate
A2: SKU-016 | B2: Parfum EDT Brasov 100ml | C2: Beauty | D2: 271 | E2: 50 | F2: 2 | G2: 4 | H2: SUP_BT02 | I2: 45748 | J2: 125000 | K2: 45748
A3: SKU-001 | B3: Laptop ASUS Vivobook | C3: Electronics | D3: 21 | E3: 15 | F3: 4 | G3: 5 | H3: SUP_EL01 | I3: 45942 | J3: 8500000 | K3: 45931
A4: SKU-004 | B4: Smartwatch Xiaomi Band | C4: Electronics | D4: 30 | E4: 30 | F4: 2 | G4: 7 | H4: SUP_EL01 | I4: 46029 | J4: 1200000 | K4: 46023
A5: SKU-005 | B5: Kemeja Formal Pria | C5: Fashion | D5: 25 | E5: 50 | F5: 6 | G5: 3 | H5: SUP_FA01 | I5: 45688 | J5: 350000 | K5: 45658
A6: SKU-002 | B6: Smartphone Samsung A54 | C6: Electronics | D6: 0 | E6: 25 | F6: 7 | G6: 21 | H6: SUP_EL02 | I6: 45978 | J6: 4500000 | K6: 45962
A7: SKU-005 | B7: Kemeja Formal Pria | C7: Fashion | D7: 0 | E7: 50 | F7: 11 | G7: 7 | H7: SUP_FA01 | I7: 45749 | J7: 350000 | K7: 45748
A8: SKU-007 | B8: Sepatu Sneakers Nike | C8: Fashion | D8: 0 | E8: 35 | F8: 8 | G8: 5 | H8: SUP_FA02 | I8: 45774 | J8: 1250000 | K8: 45748
A9: SKU-013 | B9: Skincare Set Whitelab | C9: Beauty | D9: 220 | E9: 40 | F9: 2 | G9: 5 | H9: SUP_BT01 | I9: 45831 | J9: 550000 | K9: 45809
A10: SKU-018 | B10: Teh Organik Premium Box | C10: Food & Beverage | D10: 28 | E10: 80 | F10: 11 | G10: 4 | H10: SUP_FB01 | I10: 45812 | J10: 65000 | K10: 45809
A11: SKU-004 | B11: Smartwatch Xiaomi Band | C11: Electronics | D11: 24 | E11: 30 | F11: 3 | G11: 6 | H11: SUP_EL01 | I11: 45695 | J11: 1200000 | K11: 45689
A12: SKU-006 | B12: Dress Casual Wanita | C12: Fashion | D12: -28 | E12: 45 | F12: 7 | G12: 5 | H12: SUP_FA01 | I12: 45664 | J12: 450000 | K12: 45658
A13: SKU-011 | B13: Vacuum Cleaner Deerma | C13: Home & Living | D13: -18 | E13: 15 | F13: 4 | G13: 6 | H13: SUP_HM02 | I13: 46099 | J13: 1200000 | K13: 46082
... A76: SKU-002 | B76: Smartphone Samsung A54 | C76: Electronics | D76: 42 | E76: 25 | F76: 4 | G76: 19 | H76: SUP_EL02 | I76: 45881 | J76: 4500000 | K76: 45870
A77: SKU-019 | B77: Madu Hutan Asli 500ml | C77: Food & Beverage | D77: 18 | E77: 60 | F77: 8 | G77: 5 | H77: SUP_FB02 | I77: 45712 | K77: 45689
A78: SKU-004 | B78: Smartwatch Xiaomi Band | C78: Electronics | D78: 17 | E78: 30 | F78: 6 | G78: 8 | H78: SUP_EL01 | I78: 45996 | J78: 1200000 | K78: 45992
A79: SKU-016 | B79: Parfum EDT Brasov 100ml | C79: Beauty | D79: 238 | E79: 50 | F79: 2 | G79: 7 | H79: SUP_BT02 | I79: 45671 | J79: 125000 | K79: 45658
A80: SKU-008 | B80: Tas Ransel Eiger | C80: Fashion | D80: 0 | E80: 40 | F80: 10 | G80: 7 | H80: SUP_FA02 | I80: 46109 | J80: 550000 | K80: 46082
A81: SKU-018 | B81: Teh Organik Premium Box | C81: Food & Beverage | E81: 80 | F81: 11 | G81: 4 | H81: SUP_FB01 | I81: 45766 | J81: 65000 | K81: 45748
A82: SKU-017 | B82: Kopi Arabika 250g Pack | C82: Food & Beverage | D82: 26 | E82: 100 | F82: 16 | G82: 4 | H82: SUP_FB01 | I82: 45778 | J82: 85000 | K82: 45778
A83: SKU-014 | B83: Lipstik Matte Wardah | C83: Beauty | D83: 301 | E83: 80 | F83: 3 | G83: 4 | H83: SUP_BT01 | I83: 45936 | J83: 85000 | K83: 45931
A84: SKU-010 | B84: Rice Cooker Miyako 1.8L | C84: Home & Living | D84: 19 | E84: 25 | F84: 4 | G84: 10 | H84: SUP_HM01 | I84: 45729 | J84: 450000 | K84: 45717
A85: SKU-012 | B85: Kipas Angin Cosmos 16in | C85: Home & Living | D85: 51 | E85: 30 | F85: 6 | G85: 9 | H85: SUP_HM02 | I85: 45752 | J85: 350000 | K85: 45748
A86: SKU-007 | B86: Sepatu Sneakers Nike | C86: Fashion | D86: 17 | E86: 35 | F86: 5 | G86: 5 | H86: SUP_FA02 | I86: 45663 | J86: 1250000 | K86: 45658
A87: SKU-015 | B87: Foundation Maybelline Fit | C87: Beauty | D87: 223 | E87: 60 | F87: 4 | G87: 8 | H87: SUP_BT02 | I87: 46108 | J87: 165000 | K87: 46082
A88: SKU-005 | B88: Kemeja Formal Pria | C88: Fashion | D88: 34 | E88: 50 | F88: 6 | G88: 6 | H88: SUP_FA01 | I88: 45849 | J88: 350000 | K88: 45839
A89: SKU-008 | B89: Tas Ransel Eiger | C89: Fashion | D89: 10 | E89: 40 | F89: 4 | G89: 3 | H89: SUP_FA02 | I89: 46055 | J89: 550000 | K89: 46054
A90: SKU-014 | B90: Lipstik Matte Wardah | C90: Beauty | D90: 436 | E90: 80 | F90: 4 | G90: 4 | H90: SUP_BT01 | I90: 45755 | J90: 85000 | K90: 45748
A91: SKU-002 | B91: Smartphone Samsung A54 | C91: Electronics | D91: 0 | E91: 25 | F91: 8 | G91: 10 | H91: SUP_EL02 | I91: 46013 | J91: 4500000 | K91: 45992
A92: SKU-002 | B92: Smartphone Samsung A54 | C92: Electronics | D92: 20 | E92: 25 | F92: 4 | G92: 19 | H92: SUP_EL02 | I92: 45786 | J92: 4500000 | K92: 45778
A93: SKU-010 | B93: Rice Cooker Miyako 1.8L | C93: Home & Living | D93: 42 | E93: 25 | F93: 4 | G93: 8 | H93: SUP_HM01 | I93: 46029 | J93: 450000 | K93: 46023
... A122: SKU-007 | B122: Sepatu Sneakers Nike | C122: Fashion | D122: 18 | E122: 35 | F122: 7 | G122: 5 | H122: SUP_FA02 | I122: 45859 | J122: 1250000 | K122: 45839
A123: SKU-010 | B123: Rice Cooker Miyako 1.8L | C123: Home & Living | D123: 14 | E123: 25 | F123: 5 | G123: 9 | H123: SUP_HM01 | I123: 45816 | K123: 45809
A124: SKU-012 | B124: Kipas Angin Cosmos 16in | C124: Home & Living | D124: 34 | E124: 30 | F124: 5 | G124: 5 | H124: SUP_HM02 | I124: 46007 | J124: 350000 | K124: 45992
A125: SKU-006 | B125: Dress Casual Wanita | C125: Fashion | D125: 0 | E125: 45 | F125: 13 | G125: 7 | H125: SUP_FA01 | I125: 46015 | J125: 450000 | K125: 45992
A126: SKU-018 | B126: Teh Organik Premium Box | C126: Food & Beverage | D126: 17 | E126: 80 | F126: 11 | G126: 5 | H126: SUP_FB01 | I126: 45882 | J126: 65000 | K126: 45870
A127: SKU-019 | B127: Madu Hutan Asli 500ml | C127: Food & Beverage | D127: 0 | E127: 60 | F127: 14 | G127: 4 | H127: SUP_FB02 | I127: 45741 | J127: 175000 | K127: 45717
A128: SKU-011 | B128: Vacuum Cleaner Deerma | C128: Home & Living | D128: 13 | E128: 15 | F128: 2 | G128: 7 | H128: SUP_HM02 | I128: 45799 | J128: 1200000 | K128: 45778
A129: SKU-018 | B129: Teh Organik Premium Box | C129: Food & Beverage | D129: 9 | E129: 80 | F129: 11 | G129: 4 | H129: SUP_FB01 | I129: 46077 | J129: 65000 | K129: 46054
A130: SKU-015 | B130: Foundation Maybelline Fit | C130: Beauty | D130: 202 | E130: 60 | F130: 2 | G130: 4 | H130: SUP_BT02 | I130: 46019 | J130: 165000 | K130: 45992
A131: SKU-015 | B131: Foundation Maybelline Fit | C131: Beauty | D131: 252 | E131: 60 | F131: 4 | G131: 7 | H131: SUP_BT02 | I131: 45930 | J131: 165000 | K131: 45901
A132: SKU-009 | B132: Blender Philips HR2157 | C132: Home & Living | D132: 20 | E132: 20 | F132: 2 | G132: 7 | H132: SUP_HM01 | I132: 46027 | J132: 750000 | K132: 46023
A133: SKU-013 | B133: Skincare Set Whitelab | C133: Beauty | D133: 153 | E133: 40 | F133: 4 | G133: 5 | H133: SUP_BT01 | I133: 46097 | J133: 550000 | K133: 46082
A134: SKU-010 | B134: Rice Cooker Miyako 1.8L | C134: Home & Living | D134: 41 | E134: 25 | F134: 4 | G134: 10 | H134: SUP_HM01 | I134: 45801 | J134: 450000 | K134: 45778
A135: SKU-014 | B135: Lipstik Matte Wardah | C135: Beauty | D135: 405 | E135: 80 | G135: 5 | H135: SUP_BT01 | I135: 45663 | J135: 85000 | K135: 45658
A136: SKU-009 | B136: Blender Philips HR2157 | C136: Home & Living | D136: 32 | E136: 20 | F136: 1 | G136: 8 | H136: SUP_HM01 | I136: 45955 | J136: 750000 | K136: 45931
A137: SKU-003 | B137: Headphone Sony WH-1000 | C137: Electronics | D137: 0 | E137: 20 | F137: 3 | G137: 7 | H137: SUP_EL02 | I137: 45919 | J137: 3200000 | K137: 45901
A138: SKU-014 | B138: Lipstik Matte Wardah | C138: Beauty | D138: 255 | E138: 80 | F138: 4 | G138: 6 | H138: SUP_BT01 | I138: 46001 | J138: 85000 | K138: 45992
A139: SKU-013 | B139: Skincare Set Whitelab | C139: Beauty | D139: 168 | E139: 40 | F139: 3 | G139: 5 | H139: SUP_BT01 | I139: 45709 | J139: 550000 | K139: 45689
A140: SKU-010 | B140: Rice Cooker Miyako 1.8L | C140: Home & Living | D140: 58 | E140: 25 | F140: 1 | G140: 10 | H140: SUP_HM01 | I140: 45952 | J140: 450000 | K140: 45931
A141: SKU-008 | B141: Tas Ransel Eiger | C141: Fashion | D141: 42 | E141: 40 | F141: 4 | G141: 7 | H141: SUP_FA02 | I141: 45889 | J141: 550000 | K141: 45870
A142: SKU-012 | B142: Kipas Angin Cosmos 16in | C142: Home & Living | D142: 35 | E142: 30 | F142: 5 | G142: 6 | H142: SUP_HM02 | I142: 46048 | J142: 350000 | K142: 46023
A143: SKU-008 | B143: Tas Ransel Eiger | C143: Fashion | D143: 36 | E143: 40 | F143: 6 | G143: 4 | H143: SUP_FA02 | I143: 46044 | J143: 550000 | K143: 46023
A144: SKU-020 | B144: Snack Granola Mix 500g | C144: Food & Beverage | D144: 87 | E144: 120 | F144: 18 | G144: 7 | H144: SUP_FB02 | I144: 45748 | J144: 55000 | K144: 45748
A145: SKU-019 | B145: Madu Hutan Asli 500ml | C145: Food & Beverage | D145: 35 | E145: 60 | F145: 6 | G145: 7 | H145: SUP_FB02 | I145: 46221 | J145: 175000 | K145: 46023
A146: SKU-011 | B146: Vacuum Cleaner Deerma | C146: Home & Living | D146: 32 | E146: 15 | F146: 1 | G146: 8 | H146: SUP_HM02 | I146: 46079 | J146: 1200000 | K146: 46054
A147: SKU-013 | B147: Skincare Set Whitelab | C147: Beauty | D147: 139 | E147: 40 | F147: 2 | G147: 6 | H147: SUP_BT01 | I147: 45845 | J147: 550000 | K147: 45839
... A191: SKU-010 | B191: Rice Cooker Miyako 1.8L | C191: Home & Living | D191: 21 | E191: 25 | F191: 3 | G191: 9 | H191: SUP_HM01 | I191: 45854 | J191: 450000 | K191: 45839
A192: SKU-019 | B192: Madu Hutan Asli 500ml | C192: Food & Beverage | D192: 12 | E192: 60 | F192: 10 | H192: SUP_FB02 | I192: 45965 | J192: 175000 | K192: 45962
A193: SKU-001 | B193: Laptop ASUS Vivobook | C193: Electronics | D193: 17 | E193: 15 | F193: 1 | G193: 6 | H193: SUP_EL01 | I193: 45665 | J193: 8500000 | K193: 45658
A194: SKU-019 | B194: Madu Hutan Asli 500ml | C194: Food & Beverage | D194: 34 | E194: 60 | F194: 7 | G194: 6 | H194: SUP_FB02 | I194: 45934 | J194: 175000 | K194: 45931
A195: SKU-019 | B195: Madu Hutan Asli 500ml | C195: Food & Beverage | D195: 21 | E195: 60 | F195: 9 | G195: 4 | H195: SUP_FB02 | I195: 46067 | J195: 175000 | K195: 46054
A196: SKU-007 | B196: Sepatu Sneakers Nike | C196: Fashion | D196: 0 | E196: 35 | F196: 9 | G196: 6 | H196: SUP_FA02 | I196: 45973 | J196: 1250000 | K196: 45962
A197: SKU-013 | B197: Skincare Set Whitelab | C197: Beauty | D197: 150 | E197: 40 | F197: 4 | G197: 4 | H197: SUP_BT01 | I197: 46040 | J197: 550000 | K197: 46023
A198: SKU-018 | B198: Teh Organik Premium Box | C198: Food & Beverage | D198: 18 | E198: 80 | F198: 10 | G198: 4 | H198: SUP_FB01 | I198: 46024 | J198: 65000 | K198: 46023
A199: SKU-007 | B199: Sepatu Sneakers Nike | C199: Fashion | D199: 27 | E199: 35 | F199: 8 | G199: 6 | H199: SUP_FA02 | I199: 46054 | J199: 1250000 | K199: 46054
A200: SKU-012 | B200: Kipas Angin Cosmos 16in | C200: Home & Living | D200: 39 | E200: 30 | F200: 6 | G200: 10 | H200: SUP_HM02 | I200: 45854 | J200: 350000 | K200: 45839
A201: SKU-007 | B201: Sepatu Sneakers Nike | C201: Fashion | D201: 10 | E201: 35 | F201: 7 | G201: 3 | H201: SUP_FA02 | I201: 45929 | J201: 1250000 | K201: 45901
A202: SKU-003 | B202: Headphone Sony WH-1000 | C202: Electronics | D202: 7 | E202: 20 | F202: 2 | G202: 13 | H202: SUP_EL02 | I202: 45861 | J202: 3200000 | K202: 45839
A203: SKU-005 | B203: Kemeja Formal Pria | C203: Fashion | D203: 13 | E203: 50 | F203: 8 | G203: 4 | H203: SUP_FA01 | I203: 45691 | J203: 350000 | K203: 45689
A204: SKU-011 | B204: Vacuum Cleaner Deerma | C204: Home & Living | E204: 15 | F204: 2 | G204: 4 | H204: SUP_HM02 | I204: 45688 | J204: 1200000 | K204: 45658
A205: SKU-017 | B205: Kopi Arabika 250g Pack | C205: Food & Beverage | D205: 19 | E205: 100 | F205: 16 | G205: 4 | H205: SUP_FB01 | I205: 45965 | J205: 85000 | K205: 45962
A206: SKU-017 | B206: Kopi Arabika 250g Pack | C206: Food & Beverage | D206: 36 | E206: 100 | F206: 16 | G206: 5 | H206: SUP_FB01 | I206: 45851 | J206: 85000 | K206: 45839
A207: SKU-018 | B207: Teh Organik Premium Box | C207: Food & Beverage | D207: 33 | E207: 80 | F207: 13 | G207: 4 | H207: SUP_FB01 | I207: 45697 | J207: 65000 | K207: 45689
A208: SKU-001 | B208: Laptop ASUS Vivobook | C208: Electronics | D208: 0 | E208: 15 | F208: 2 | G208: 8 | H208: SUP_EL01 | I208: 45994 | J208: 8500000 | K208: 45992
A209: SKU-004 | B209: Smartwatch Xiaomi Band | C209: Electronics | D209: 34 | E209: 30 | F209: 4 | G209: 5 | H209: SUP_EL01 | I209: 46083 | J209: 1200000 | K209: 46082
A210: SKU-014 | B210: Lipstik Matte Wardah | C210: Beauty | D210: 427 | E210: 80 | F210: 2 | G210: 5 | H210: SUP_BT01 | I210: 45838 | J210: 85000 | K210: 45809
A211: SKU-019 | B211: Madu Hutan Asli 500ml | C211: Food & Beverage | D211: 14 | E211: 60 | F211: 8 | G211: 6 | H211: SUP_FB02 | I211: 45930 | J211: 175000 | K211: 45901
A212: SKU-002 | B212: Smartphone Samsung A54 | C212: Electronics | D212: 32 | E212: 25 | F212: 6 | G212: 17 | H212: SUP_EL02 | I212: 46026 | J212: 4500000 | K212: 46023
A213: SKU-016 | B213: Parfum EDT Brasov 100ml | C213: Beauty | E213: 50 | F213: 1 | G213: 7 | H213: SUP_BT02 | I213: 45885 | J213: 125000 | K213: 45870
A214: SKU-001 | B214: Laptop ASUS Vivobook | C214: Electronics | D214: 28 | E214: 15 | F214: 1 | G214: 6 | H214: SUP_EL01 | I214: 45800 | J214: 8500000 | K214: 45778
A215: SKU-009 | B215: Blender Philips HR2157 | C215: Home & Living | D215: 21 | E215: 20 | F215: 2 | G215: 9 | H215: SUP_HM01 | I215: 45724 | J215: 750000 | K215: 45717
A216: SKU-003 | B216: Headphone Sony WH-1000 | C216: Electronics | D216: 12 | E216: 20 | F216: 2 | G216: 16 | H216: SUP_EL02 | I216: 45724 | J216: 3200000 | K216: 45717
A217: SKU-020 | B217: Snack Granola Mix 500g | C217: Food & Beverage | D217: 72 | E217: 120 | F217: 18 | G217: 7 | H217: SUP_FB02 | I217: 45815 | J217: 55000 | K217: 45809
A218: SKU-011 | B218: Vacuum Cleaner Deerma | C218: Home & Living | D218: 33 | E218: 15 | F218: 2 | G218: 10 | H218: SUP_HM02 | I218: 46032 | J218: 1200000 | K218: 46023
A219: SKU-015 | B219: Foundation Maybelline Fit | C219: Beauty | D219: 246 | E219: 60 | F219: 3 | G219: 7 | H219: SUP_BT02 | I219: 46049 | J219: 165000 | K219: 46023
A220: SKU-018 | B220: Teh Organik Premium Box | C220: Food & Beverage | D220: 64 | E220: 80 | F220: 13 | G220: 5 | H220: SUP_FB01 | I220: 45970 | J220: 65000 | K220: 45962
A221: SKU-010 | B221: Rice Cooker Miyako 1.8L | C221: Home & Living | D221: 37 | E221: 25 | F221: 1 | G221: 9 | H221: SUP_HM01 | I221: 45775 | J221: 450000 | K221: 45748
A222: SKU-005 | B222: Kemeja Formal Pria | C222: Fashion | D222: 0 | E222: 50 | F222: 13 | G222: 3 | H222: SUP_FA01 | I222: 45747 | J222: 350000 | K222: 45717
A223: SKU-015 | B223: Foundation Maybelline Fit | C223: Beauty | D223: 230 | E223: 60 | F223: 2 | G223: 8 | H223: SUP_BT02 | I223: 45817 | J223: 165000 | K223: 45809
A224: SKU-010 | B224: Rice Cooker Miyako 1.8L | C224: Home & Living | D224: 52 | E224: 25 | F224: 4 | G224: 9 | H224: SUP_HM01 | I224: 45671 | J224: 450000 | K224: 45658
A225: SKU-009 | B225: Blender Philips HR2157 | C225: Home & Living | D225: 47 | E225: 20 | F225: 4 | G225: 9 | H225: SUP_HM01 | I225: 45909 | J225: 750000 | K225: 45901
... A229: SKU-019 | B229: Madu Hutan Asli 500ml | C229: Food & Beverage | D229: 37 | E229: 60 | F229: 8 | G229: 5 | H229: SUP_FB02 | I229: 45795 | J229: 175000 | K229: 45778
A230: SKU-005 | B230: Kemeja Formal Pria | C230: Fashion | D230: 49 | E230: 50 | F230: 5 | H230: SUP_FA01 | I230: 45784 | J230: 350000 | K230: 45778
A231: SKU-003 | B231: Headphone Sony WH-1000 | C231: Electronics | D231: 22 | E231: 20 | F231: 4 | G231: 8 | H231: SUP_EL02 | I231: 46103 | J231: 3200000 | K231: 46082
A232: SKU-017 | B232: Kopi Arabika 250g Pack | C232: Food & Beverage | D232: 58 | E232: 100 | F232: 14 | G232: 3 | H232: SUP_FB01 | I232: 45951 | J232: 85000 | K232: 45931
A233: SKU-011 | B233: Vacuum Cleaner Deerma | C233: Home & Living | D233: 14 | E233: 15 | F233: 2 | G233: 5 | H233: SUP_HM02 | I233: 45858 | J233: 1200000 | K233: 45839
A234: SKU-003 | B234: Headphone Sony WH-1000 | C234: Electronics | D234: 0 | E234: 20 | F234: 4 | G234: 17 | H234: SUP_EL02 | I234: 45964 | J234: 3200000 | K234: 45962
A235: SKU-009 | B235: Blender Philips HR2157 | C235: Home & Living | D235: 26 | E235: 20 | F235: 2 | G235: 10 | H235: SUP_HM01 | I235: 45762 | J235: 750000 | K235: 45748
A236: SKU-020 | B236: Snack Granola Mix 500g | C236: Food & Beverage | D236: 12 | E236: 120 | F236: 21 | G236: 5 | H236: SUP_FB02 | I236: 45706 | J236: 55000 | K236: 45689
...

Sheet Sheet4
A1: SKU | B1: ProductName | C1: Category | D1: CurrentStock | E1: ReorderPoint | F1: DailySalesAvg | G1: LeadTime | H1: SupplierID | I1: LastRestockDate | J1: UnitPrice | K1: SnapshotDate
A2: SKU-016 | B2: Parfum EDT Brasov 100ml | C2: Beauty | D2: 271 | E2: 50 | F2: 2 | G2: 4 | H2: SUP_BT02 | I2: 45748 | J2: 125000 | K2: 45748
A3: SKU-001 | B3: Laptop ASUS Vivobook | C3: Electronics | D3: 21 | E3: 15 | F3: 4 | G3: 5 | H3: SUP_EL01 | I3: 45942 | J3: 8500000 | K3: 45931
A4: SKU-004 | B4: Smartwatch Xiaomi Band | C4: Electronics | D4: 30 | E4: 30 | F4: 2 | G4: 7 | H4: SUP_EL01 | I4: 46029 | J4: 1200000 | K4: 46023
A5: SKU-005 | B5: Kemeja Formal Pria | C5: Fashion | D5: 25 | E5: 50 | F5: 6 | G5: 3 | H5: SUP_FA01 | I5: 45688 | J5: 350000 | K5: 45658
A6: SKU-002 | B6: Smartphone Samsung A54 | C6: Electronics | D6: 0 | E6: 25 | F6: 7 | G6: 21 | H6: SUP_EL02 | I6: 45978 | J6: 4500000 | K6: 45962
A7: SKU-005 | B7: Kemeja Formal Pria | C7: Fashion | D7: 0 | E7: 50 | F7: 11 | G7: 7 | H7: SUP_FA01 | I7: 45749 | J7: 350000 | K7: 45748
A8: SKU-007 | B8: Sepatu Sneakers Nike | C8: Fashion | D8: 0 | E8: 35 | F8: 8 | G8: 5 | H8: SUP_FA02 | I8: 45774 | J8: 1250000 | K8: 45748
A9: SKU-013 | B9: Skincare Set Whitelab | C9: Beauty | D9: 220 | E9: 40 | F9: 2 | G9: 5 | H9: SUP_BT01 | I9: 45831 | J9: 550000 | K9: 45809
A10: SKU-018 | B10: Teh Organik Premium Box | C10: Food & Beverage | D10: 28 | E10: 80 | F10: 11 | G10: 4 | H10: SUP_FB01 | I10: 45812 | J10: 65000 | K10: 45809
A11: SKU-004 | B11: Smartwatch Xiaomi Band | C11: Electronics | D11: 24 | E11: 30 | F11: 3 | G11: 6 | H11: SUP_EL01 | I11: 45695 | J11: 1200000 | K11: 45689
A12: SKU-012 | B12: Kipas Angin Cosmos 16in | C12: Home & Living | D12: 54 | E12: 30 | F12: 6 | G12: 8 | H12: SUP_HM02 | I12: 45983 | J12: 350000 | K12: 45962
A13: SKU-008 | B13: Tas Ransel Eiger | C13: Fashion | D13: 0 | E13: 40 | F13: 7 | G13: 4 | H13: SUP_FA02 | I13: 45761 | J13: 550000 | K13: 45748
... A72: SKU-002 | B72: Smartphone Samsung A54 | C72: Electronics | D72: 42 | E72: 25 | F72: 4 | G72: 19 | H72: SUP_EL02 | I72: 45881 | J72: 4500000 | K72: 45870
A73: SKU-019 | B73: Madu Hutan Asli 500ml | C73: Food & Beverage | D73: 18 | E73: 60 | F73: 8 | G73: 5 | H73: SUP_FB02 | I73: 45712 | K73: 45689
A74: SKU-004 | B74: Smartwatch Xiaomi Band | C74: Electronics | D74: 17 | E74: 30 | F74: 6 | G74: 8 | H74: SUP_EL01 | I74: 45996 | J74: 1200000 | K74: 45992
A75: SKU-016 | B75: Parfum EDT Brasov 100ml | C75: Beauty | D75: 238 | E75: 50 | F75: 2 | G75: 7 | H75: SUP_BT02 | I75: 45671 | J75: 125000 | K75: 45658
A76: SKU-008 | B76: Tas Ransel Eiger | C76: Fashion | D76: 0 | E76: 40 | F76: 10 | G76: 7 | H76: SUP_FA02 | I76: 46109 | J76: 550000 | K76: 46082
A77: SKU-017 | B77: Kopi Arabika 250g Pack | C77: Food & Beverage | D77: 26 | E77: 100 | F77: 16 | G77: 4 | H77: SUP_FB01 | I77: 45778 | J77: 85000 | K77: 45778
A78: SKU-014 | B78: Lipstik Matte Wardah | C78: Beauty | D78: 301 | E78: 80 | F78: 3 | G78: 4 | H78: SUP_BT01 | I78: 45936 | J78: 85000 | K78: 45931
A79: SKU-010 | B79: Rice Cooker Miyako 1.8L | C79: Home & Living | D79: 19 | E79: 25 | F79: 4 | G79: 10 | H79: SUP_HM01 | I79: 45729 | J79: 450000 | K79: 45717
A80: SKU-012 | B80: Kipas Angin Cosmos 16in | C80: Home & Living | D80: 51 | E80: 30 | F80: 6 | G80: 9 | H80: SUP_HM02 | I80: 45752 | J80: 350000 | K80: 45748
A81: SKU-007 | B81: Sepatu Sneakers Nike | C81: Fashion | D81: 17 | E81: 35 | F81: 5 | G81: 5 | H81: SUP_FA02 | I81: 45663 | J81: 1250000 | K81: 45658
A82: SKU-015 | B82: Foundation Maybelline Fit | C82: Beauty | D82: 223 | E82: 60 | F82: 4 | G82: 8 | H82: SUP_BT02 | I82: 46108 | J82: 165000 | K82: 46082
A83: SKU-005 | B83: Kemeja Formal Pria | C83: Fashion | D83: 34 | E83: 50 | F83: 6 | G83: 6 | H83: SUP_FA01 | I83: 45849 | J83: 350000 | K83: 45839
A84: SKU-008 | B84: Tas Ransel Eiger | C84: Fashion | D84: 10 | E84: 40 | F84: 4 | G84: 3 | H84: SUP_FA02 | I84: 46055 | J84: 550000 | K84: 46054
A85: SKU-014 | B85: Lipstik Matte Wardah | C85: Beauty | D85: 436 | E85: 80 | F85: 4 | G85: 4 | H85: SUP_BT01 | I85: 45755 | J85: 85000 | K85: 45748
... A115: SKU-007 | B115: Sepatu Sneakers Nike | C115: Fashion | D115: 18 | E115: 35 | F115: 7 | G115: 5 | H115: SUP_FA02 | I115: 45859 | J115: 1250000 | K115: 45839
A116: SKU-010 | B116: Rice Cooker Miyako 1.8L | C116: Home & Living | D116: 14 | E116: 25 | F116: 5 | G116: 9 | H116: SUP_HM01 | I116: 45816 | K116: 45809
A117: SKU-012 | B117: Kipas Angin Cosmos 16in | C117: Home & Living | D117: 34 | E117: 30 | F117: 5 | G117: 5 | H117: SUP_HM02 | I117: 46007 | J117: 350000 | K117: 45992
A118: SKU-006 | B118: Dress Casual Wanita | C118: Fashion | D118: 0 | E118: 45 | F118: 13 | G118: 7 | H118: SUP_FA01 | I118: 46015 | J118: 450000 | K118: 45992
A119: SKU-018 | B119: Teh Organik Premium Box | C119: Food & Beverage | D119: 17 | E119: 80 | F119: 11 | G119: 5 | H119: SUP_FB01 | I119: 45882 | J119: 65000 | K119: 45870
A120: SKU-019 | B120: Madu Hutan Asli 500ml | C120: Food & Beverage | D120: 0 | E120: 60 | F120: 14 | G120: 4 | H120: SUP_FB02 | I120: 45741 | J120: 175000 | K120: 45717
A121: SKU-011 | B121: Vacuum Cleaner Deerma | C121: Home & Living | D121: 13 | E121: 15 | F121: 2 | G121: 7 | H121: SUP_HM02 | I121: 45799 | J121: 1200000 | K121: 45778
A122: SKU-018 | B122: Teh Organik Premium Box | C122: Food & Beverage | D122: 9 | E122: 80 | F122: 11 | G122: 4 | H122: SUP_FB01 | I122: 46077 | J122: 65000 | K122: 46054
A123: SKU-015 | B123: Foundation Maybelline Fit | C123: Beauty | D123: 202 | E123: 60 | F123: 2 | G123: 4 | H123: SUP_BT02 | I123: 46019 | J123: 165000 | K123: 45992
A124: SKU-015 | B124: Foundation Maybelline Fit | C124: Beauty | D124: 252 | E124: 60 | F124: 4 | G124: 7 | H124: SUP_BT02 | I124: 45930 | J124: 165000 | K124: 45901
A125: SKU-009 | B125: Blender Philips HR2157 | C125: Home & Living | D125: 20 | E125: 20 | F125: 2 | G125: 7 | H125: SUP_HM01 | I125: 46027 | J125: 750000 | K125: 46023
A126: SKU-013 | B126: Skincare Set Whitelab | C126: Beauty | D126: 153 | E126: 40 | F126: 4 | G126: 5 | H126: SUP_BT01 | I126: 46097 | J126: 550000 | K126: 46082
A127: SKU-010 | B127: Rice Cooker Miyako 1.8L | C127: Home & Living | D127: 41 | E127: 25 | F127: 4 | G127: 10 | H127: SUP_HM01 | I127: 45801 | J127: 450000 | K127: 45778
A128: SKU-014 | B128: Lipstik Matte Wardah | C128: Beauty | D128: 405 | E128: 80 | G128: 5 | H128: SUP_BT01 | I128: 45663 | J128: 85000 | K128: 45658
A129: SKU-009 | B129: Blender Philips HR2157 | C129: Home & Living | D129: 32 | E129: 20 | F129: 1 | G129: 8 | H129: SUP_HM01 | I129: 45955 | J129: 750000 | K129: 45931
A130: SKU-003 | B130: Headphone Sony WH-1000 | C130: Electronics | D130: 0 | E130: 20 | F130: 3 | G130: 7 | H130: SUP_EL02 | I130: 45919 | J130: 3200000 | K130: 45901
A131: SKU-014 | B131: Lipstik Matte Wardah | C131: Beauty | D131: 255 | E131: 80 | F131: 4 | G131: 6 | H131: SUP_BT01 | I131: 46001 | J131: 85000 | K131: 45992
A132: SKU-013 | B132: Skincare Set Whitelab | C132: Beauty | D132: 168 | E132: 40 | F132: 3 | G132: 5 | H132: SUP_BT01 | I132: 45709 | J132: 550000 | K132: 45689
A133: SKU-010 | B133: Rice Cooker Miyako 1.8L | C133: Home & Living | D133: 58 | E133: 25 | F133: 1 | G133: 10 | H133: SUP_HM01 | I133: 45952 | J133: 450000 | K133: 45931
A134: SKU-008 | B134: Tas Ransel Eiger | C134: Fashion | D134: 42 | E134: 40 | F134: 4 | G134: 7 | H134: SUP_FA02 | I134: 45889 | J134: 550000 | K134: 45870
A135: SKU-012 | B135: Kipas Angin Cosmos 16in | C135: Home & Living | D135: 35 | E135: 30 | F135: 5 | G135: 6 | H135: SUP_HM02 | I135: 46048 | J135: 350000 | K135: 46023
A136: SKU-008 | B136: Tas Ransel Eiger | C136: Fashion | D136: 36 | E136: 40 | F136: 6 | G136: 4 | H136: SUP_FA02 | I136: 46044 | J136: 550000 | K136: 46023
A137: SKU-020 | B137: Snack Granola Mix 500g | C137: Food & Beverage | D137: 87 | E137: 120 | F137: 18 | G137: 7 | H137: SUP_FB02 | I137: 45748 | J137: 55000 | K137: 45748
A138: SKU-019 | B138: Madu Hutan Asli 500ml | C138: Food & Beverage | D138: 35 | E138: 60 | F138: 6 | G138: 7 | H138: SUP_FB02 | I138: 46221 | J138: 175000 | K138: 46023
A139: SKU-011 | B139: Vacuum Cleaner Deerma | C139: Home & Living | D139: 32 | E139: 15 | F139: 1 | G139: 8 | H139: SUP_HM02 | I139: 46079 | J139: 1200000 | K139: 46054
A140: SKU-013 | B140: Skincare Set Whitelab | C140: Beauty | D140: 139 | E140: 40 | F140: 2 | G140: 6 | H140: SUP_BT01 | I140: 45845 | J140: 550000 | K140: 45839
... A183: SKU-010 | B183: Rice Cooker Miyako 1.8L | C183: Home & Living | D183: 21 | E183: 25 | F183: 3 | G183: 9 | H183: SUP_HM01 | I183: 45854 | J183: 450000 | K183: 45839
A184: SKU-019 | B184: Madu Hutan Asli 500ml | C184: Food & Beverage | D184: 12 | E184: 60 | F184: 10 | H184: SUP_FB02 | I184: 45965 | J184: 175000 | K184: 45962
A185: SKU-001 | B185: Laptop ASUS Vivobook | C185: Electronics | D185: 17 | E185: 15 | F185: 1 | G185: 6 | H185: SUP_EL01 | I185: 45665 | J185: 8500000 | K185: 45658
A186: SKU-019 | B186: Madu Hutan Asli 500ml | C186: Food & Beverage | D186: 34 | E186: 60 | F186: 7 | G186: 6 | H186: SUP_FB02 | I186: 45934 | J186: 175000 | K186: 45931
A187: SKU-019 | B187: Madu Hutan Asli 500ml | C187: Food & Beverage | D187: 21 | E187: 60 | F187: 9 | G187: 4 | H187: SUP_FB02 | I187: 46067 | J187: 175000 | K187: 46054
A188: SKU-007 | B188: Sepatu Sneakers Nike | C188: Fashion | D188: 0 | E188: 35 | F188: 9 | G188: 6 | H188: SUP_FA02 | I188: 45973 | J188: 1250000 | K188: 45962
A189: SKU-013 | B189: Skincare Set Whitelab | C189: Beauty | D189: 150 | E189: 40 | F189: 4 | G189: 4 | H189: SUP_BT01 | I189: 46040 | J189: 550000 | K189: 46023
A190: SKU-018 | B190: Teh Organik Premium Box | C190: Food & Beverage | D190: 18 | E190: 80 | F190: 10 | G190: 4 | H190: SUP_FB01 | I190: 46024 | J190: 65000 | K190: 46023
A191: SKU-007 | B191: Sepatu Sneakers Nike | C191: Fashion | D191: 27 | E191: 35 | F191: 8 | G191: 6 | H191: SUP_FA02 | I191: 46054 | J191: 1250000 | K191: 46054
A192: SKU-012 | B192: Kipas Angin Cosmos 16in | C192: Home & Living | D192: 39 | E192: 30 | F192: 6 | G192: 10 | H192: SUP_HM02 | I192: 45854 | J192: 350000 | K192: 45839
A193: SKU-007 | B193: Sepatu Sneakers Nike | C193: Fashion | D193: 10 | E193: 35 | F193: 7 | G193: 3 | H193: SUP_FA02 | I193: 45929 | J193: 1250000 | K193: 45901
A194: SKU-003 | B194: Headphone Sony WH-1000 | C194: Electronics | D194: 7 | E194: 20 | F194: 2 | G194: 13 | H194: SUP_EL02 | I194: 45861 | J194: 3200000 | K194: 45839
A195: SKU-005 | B195: Kemeja Formal Pria | C195: Fashion | D195: 13 | E195: 50 | F195: 8 | G195: 4 | H195: SUP_FA01 | I195: 45691 | J195: 350000 | K195: 45689
A196: SKU-017 | B196: Kopi Arabika 250g Pack | C196: Food & Beverage | D196: 19 | E196: 100 | F196: 16 | G196: 4 | H196: SUP_FB01 | I196: 45965 | J196: 85000 | K196: 45962
... A219: SKU-019 | B219: Madu Hutan Asli 500ml | C219: Food & Beverage | D219: 37 | E219: 60 | F219: 8 | G219: 5 | H219: SUP_FB02 | I219: 45795 | J219: 175000 | K219: 45778
A220: SKU-005 | B220: Kemeja Formal Pria | C220: Fashion | D220: 49 | E220: 50 | F220: 5 | H220: SUP_FA01 | I220: 45784 | J220: 350000 | K220: 45778
A221: SKU-003 | B221: Headphone Sony WH-1000 | C221: Electronics | D221: 22 | E221: 20 | F221: 4 | G221: 8 | H221: SUP_EL02 | I221: 46103 | J221: 3200000 | K221: 46082
A222: SKU-017 | B222: Kopi Arabika 250g Pack | C222: Food & Beverage | D222: 58 | E222: 100 | F222: 14 | G222: 3 | H222: SUP_FB01 | I222: 45951 | J222: 85000 | K222: 45931
A223: SKU-011 | B223: Vacuum Cleaner Deerma | C223: Home & Living | D223: 14 | E223: 15 | F223: 2 | G223: 5 | H223: SUP_HM02 | I223: 45858 | J223: 1200000 | K223: 45839
A224: SKU-003 | B224: Headphone Sony WH-1000 | C224: Electronics | D224: 0 | E224: 20 | F224: 4 | G224: 17 | H224: SUP_EL02 | I224: 45964 | J224: 3200000 | K224: 45962
A225: SKU-009 | B225: Blender Philips HR2157 | C225: Home & Living | D225: 26 | E225: 20 | F225: 2 | G225: 10 | H225: SUP_HM01 | I225: 45762 | J225: 750000 | K225: 45748
A226: SKU-020 | B226: Snack Granola Mix 500g | C226: Food & Beverage | D226: 12 | E226: 120 | F226: 21 | G226: 5 | H226: SUP_FB02 | I226: 45706 | J226: 55000 | K226: 45689
A227: SKU-015 | B227: Foundation Maybelline Fit | C227: Beauty | D227: 292 | E227: 60 | F227: 3 | G227: 8 | H227: SUP_BT02 | I227: 45869 | J227: 165000 | K227: 45839
A228: SKU-011 | B228: Vacuum Cleaner Deerma | C228: Home & Living | D228: 18 | E228: 15 | F228: 3 | G228: 5 | H228: SUP_HM02 | I228: 45774 | J228: 1200000 | K228: 45748
A229: SKU-002 | B229: Smartphone Samsung A54 | C229: Electronics | D229: 29 | E229: 25 | F229: 4 | G229: 11 | H229: SUP_EL02 | I229: 45917 | J229: 4500000 | K229: 45901
A230: SKU-020 | B230: Snack Granola Mix 500g | C230: Food & Beverage | D230: 68 | E230: 120 | F230: 16 | G230: 6 | H230: SUP_FB02 | I230: 45672 | J230: 55000 | K230: 45658
A231: SKU-008 | B231: Tas Ransel Eiger | C231: Fashion | D231: 35 | E231: 40 | F231: 4 | G231: 5 | H231: SUP_FA02 | I231: 46161 | J231: 550000 | K231: 45809
A232: SKU-006 | B232: Dress Casual Wanita | C232: Fashion | D232: 15 | E232: 45 | F232: 7 | G232: 4 | H232: SUP_FA01 | I232: 45856 | J232: 450000 | K232: 45839
... A266: SKU-019 | B266: Madu Hutan Asli 500ml | C266: Food & Beverage | D266: 19 | E266: 60 | F266: 6 | G266: 6 | H266: SUP_FB02 | I266: 45775 | J266: 175000 | K266: 45748
A267: SKU-012 | B267: Kipas Angin Cosmos 16in | C267: Home & Living | D267: 22 | E267: 30 | F267: 6 | H267: SUP_HM02 | I267: 45702 | J267: 350000 | K267: 45689
A268: SKU-012 | B268: Kipas Angin Cosmos 16in | C268: Home & Living | D268: 59 | E268: 30 | F268: 3 | G268: 6 | H268: SUP_HM02 | I268: 45880 | J268: 350000 | K268: 45870
A269: SKU-009 | B269: Blender Philips HR2157 | C269: Home & Living | D269: 41 | E269: 20 | F269: 3 | G269: 9 | H269: SUP_HM01 | I269: 46092 | J269: 750000 | K269: 46082
A270: SKU-020 | B270: Snack Granola Mix 500g | C270: Food & Beverage | D270: 121 | E270: 120 | F270: 27 | H270: SUP_FB02 | I270: 46095 | J270: 55000 | K270: 46082
A271: SKU-017 | B271: Kopi Arabika 250g Pack | C271: Food & Beverage | D271: 125 | E271: 100 | F271: 14 | G271: 4 | H271: SUP_FB01 | I271: 45775 | J271: 85000 | K271: 45748
A272: SKU-004 | B272: Smartwatch Xiaomi Band | C272: Electronics | D272: 42 | E272: 30 | F272: 4 | G272: 7 | H272: SUP_EL01 | I272: 45960 | J272: 1200000 | K272: 45931
A273: SKU-004 | B273: Smartwatch Xiaomi Band | C273: Electronics | D273: 21 | E273: 30 | F273: 4 | G273: 9 | H273: SUP_EL01 | I273: 46197 | J273: 1200000 | K273: 45809
A274: SKU-012 | B274: Kipas Angin Cosmos 16in | C274: Home & Living | D274: 41 | E274: 30 | F274: 6 | G274: 10 | H274: SUP_HM02 | I274: 45945 | J274: 350000 | K274: 45931
A275: SKU-013 | B275: Skincare Set Whitelab | C275: Beauty | D275: 172 | E275: 40 | F275: 2 | G275: 6 | H275: SUP_BT01 | I275: 45955 | J275: 550000 | K275: 45931
A276: SKU-008 | B276: Tas Ransel Eiger | C276: Fashion | D276: 36 | E276: 40 | F276: 6 | G276: 4 | H276: SUP_FA02 | I276: 46044 | J276: 550000 | K276: 46023
A277: SKU-013 | B277: Skincare Set Whitelab | C277: Beauty | D277: 160 | E277: 40 | F277: 3 | G277: 6 | H277: SUP_BT01 | I277: 45887 | J277: 550000 | K277: 45870
A278: SKU-012 | B278: Kipas Angin Cosmos 16in | C278: Home & Living | D278: 45 | E278: 30 | F278: 5 | G278: 5 | H278: SUP_HM02 | I278: 45801 | J278: 350000 | K278: 45778
A279: SKU-004 | B279: Smartwatch Xiaomi Band | C279: Electronics | D279: 52 | E279: 30 | F279: 5 | G279: 5 | H279: SUP_EL01 | I279: 46321 | J279: 1200000 | K279: 46054
A280: SKU-004 | B280: Smartwatch Xiaomi Band | C280: Electronics | D280: 51 | E280: 30 | F280: 4 | G280: 6 | H280: SUP_EL01 | I280: 45775 | J280: 1200000 | K280: 45748
A281: SKU-016 | B281: Parfum EDT Brasov 100ml | C281: Beauty | D281: 290 | E281: 50 | F281: 3 | G281: 6 | H281: SUP_BT02 | I281: 45991 | J281: 125000 | K281: 45962
A282: SKU-017 | B282: Kopi Arabika 250g Pack | C282: Food & Beverage | D282: 57 | E282: 100 | F282: 15 | G282: 4 | H282: SUP_FB01 | I282: 46034 | J282: 85000 | K282: 46023
... A302: SKU-007 | B302: Sepatu Sneakers Nike | C302: Fashion | D302: 16 | E302: 35 | F302: 7 | G302: 5 | H302: SUP_FA02 | I302: 46024 | J302: 1250000 | K302: 46023

Sheet Data Clean
A1: SKU | B1: ProductName | C1: Category | D1: CurrentStock | E1: ReorderPoint | F1: DailySalesAvg | G1: LeadTime | H1: SupplierID | I1: LastRestockDate | J1: UnitPrice | K1: SnapshotDate | L1: Stockout
A2: SKU-001 | B2: Laptop ASUS Vivobook | C2: Electronics | D2: 17 | E2: 15 | F2: 1 | G2: 6 | H2: SUP_EL01 | I2: 45665 | J2: 8500000 | K2: 45658 | L2: =IF(D2 <= E2, "STOCKOUT", "OK") -> OK | N2: =COUNTIF(L:L, "STOCKOUT") -> 152
A3: SKU-001 | B3: Laptop ASUS Vivobook | C3: Electronics | D3: 13 | E3: 15 | F3: 1 | G3: 5 | H3: SUP_EL01 | I3: 45710 | J3: 8500000 | K3: 45689 | L3: =IF(D3 <= E3, "STOCKOUT", "OK") -> STOCKOUT
A4: SKU-001 | B4: Laptop ASUS Vivobook | C4: Electronics | D4: 25 | E4: 15 | F4: 2 | G4: 8 | H4: SUP_EL01 | I4: 45718 | J4: 8500000 | K4: 45717 | L4: =IF(D4 <= E4, "STOCKOUT", "OK") -> OK
A5: SKU-001 | B5: Laptop ASUS Vivobook | C5: Electronics | D5: 11 | E5: 15 | F5: 1 | G5: 5 | H5: SUP_EL01 | I5: 45754 | J5: 8500000 | K5: 45748 | L5: =IF(D5 <= E5, "STOCKOUT", "OK") -> STOCKOUT
A6: SKU-001 | B6: Laptop ASUS Vivobook | C6: Electronics | D6: 28 | E6: 15 | F6: 1 | G6: 6 | H6: SUP_EL01 | I6: 45800 | J6: 8500000 | K6: 45778 | L6: =IF(D6 <= E6, "STOCKOUT", "OK") -> OK
A7: SKU-001 | B7: Laptop ASUS Vivobook | C7: Electronics | D7: 26 | E7: 15 | F7: 3 | G7: 8 | H7: SUP_EL01 | I7: 45816 | J7: 8500000 | K7: 45809 | L7: =IF(D7 <= E7, "STOCKOUT", "OK") -> OK
A8: SKU-001 | B8: Laptop ASUS Vivobook | C8: Electronics | D8: 1 | E8: 15 | F8: 2 | G8: 6 | H8: SUP_EL01 | I8: 45861 | J8: 8500000 | K8: 45839 | L8: =IF(D8 <= E8, "STOCKOUT", "OK") -> STOCKOUT
A9: SKU-001 | B9: Laptop ASUS Vivobook | C9: Electronics | D9: 22 | E9: 15 | F9: 2 | G9: 7 | H9: SUP_EL01 | I9: 45878 | J9: 8500000 | K9: 45870 | L9: =IF(D9 <= E9, "STOCKOUT", "OK") -> OK
A10: SKU-001 | B10: Laptop ASUS Vivobook | C10: Electronics | D10: 19 | E10: 15 | F10: 3 | G10: 5 | H10: SUP_EL01 | I10: 45903 | J10: 8500000 | K10: 45901 | L10: =IF(D10 <= E10, "STOCKOUT", "OK") -> OK
A11: SKU-001 | B11: Laptop ASUS Vivobook | C11: Electronics | D11: 21 | E11: 15 | F11: 4 | G11: 5 | H11: SUP_EL01 | I11: 45942 | J11: 8500000 | K11: 45931 | L11: =IF(D11 <= E11, "STOCKOUT", "OK") -> OK
A12: SKU-001 | B12: Laptop ASUS Vivobook | C12: Electronics | D12: 0 | E12: 15 | F12: 3 | G12: 8 | H12: SUP_EL01 | I12: 45979 | J12: 8500000 | K12: 45962 | L12: =IF(D12 <= E12, "STOCKOUT", "OK") -> STOCKOUT
A13: SKU-001 | B13: Laptop ASUS Vivobook | C13: Electronics | D13: 0 | E13: 15 | F13: 2 | G13: 8 | H13: SUP_EL01 | I13: 45994 | J13: 8500000 | K13: 45992 | L13: =IF(D13 <= E13, "STOCKOUT", "OK") -> STOCKOUT
A14: SKU-001 | B14: Laptop ASUS Vivobook | C14: Electronics | D14: 28 | E14: 15 | F14: 1 | G14: 7 | H14: SUP_EL01 | I14: 46041 | J14: 8500000 | K14: 46023 | L14: =IF(D14 <= E14, "STOCKOUT", "OK") -> OK
... A283: SKU-020 | B283: Snack Granola Mix 500g | C283: Food & Beverage | D283: 48 | E283: 120 | F283: 18 | G283: 6 | H283: SUP_FB02 | I283: 46074 | J283: 55000 | K283: 46054 | L283: =IF(D283 <= E283, "STOCKOUT", "OK") -> STOCKOUT

Sheet 8 Negative Values (Live)
A1: SKU | B1: ProductName | C1: Category | D1: CurrentStock | E1: ReorderPoint | F1: DailySalesAvg | G1: LeadTime | H1: SupplierID | I1: LastRestockDate | J1: UnitPrice | K1: SnapshotDate
A2: SKU-016 | B2: Parfum EDT Brasov 100ml | C2: Beauty | D2: 271 | E2: 50 | F2: 2 | G2: 4 | H2: SUP_BT02 | I2: 45748 | J2: 125000 | K2: 45748
A3: SKU-001 | B3: Laptop ASUS Vivobook | C3: Electronics | D3: 21 | E3: 15 | F3: 4 | G3: 5 | H3: SUP_EL01 | I3: 45942 | J3: 8500000 | K3: 45931
A4: SKU-004 | B4: Smartwatch Xiaomi Band | C4: Electronics | D4: 30 | E4: 30 | F4: 2 | G4: 7 | H4: SUP_EL01 | I4: 46029 | J4: 1200000 | K4: 46023
A5: SKU-005 | B5: Kemeja Formal Pria | C5: Fashion | D5: 25 | E5: 50 | F5: 6 | G5: 3 | H5: SUP_FA01 | I5: 45688 | J5: 350000 | K5: 45658
A6: SKU-002 | B6: Smartphone Samsung A54 | C6: Electronics | D6: 0 | E6: 25 | F6: 7 | G6: 21 | H6: SUP_EL02 | I6: 45978 | J6: 4500000 | K6: 45962
A7: SKU-005 | B7: Kemeja Formal Pria | C7: Fashion | D7: 0 | E7: 50 | F7: 11 | G7: 7 | H7: SUP_FA01 | I7: 45749 | J7: 350000 | K7: 45748
A8: SKU-007 | B8: Sepatu Sneakers Nike | C8: Fashion | D8: 0 | E8: 35 | F8: 8 | G8: 5 | H8: SUP_FA02 | I8: 45774 | J8: 1250000 | K8: 45748
A9: SKU-013 | B9: Skincare Set Whitelab | C9: Beauty | D9: 220 | E9: 40 | F9: 2 | G9: 5 | H9: SUP_BT01 | I9: 45831 | J9: 550000 | K9: 45809
A10: SKU-018 | B10: Teh Organik Premium Box | C10: Food & Beverage | D10: 28 | E10: 80 | F10: 11 | G10: 4 | H10: SUP_FB01 | I10: 45812 | J10: 65000 | K10: 45809
A11: SKU-004 | B11: Smartwatch Xiaomi Band | C11: Electronics | D11: 24 | E11: 30 | F11: 3 | G11: 6 | H11: SUP_EL01 | I11: 45695 | J11: 1200000 | K11: 45689
A12: SKU-006 | B12: Dress Casual Wanita | C12: Fashion | D12: -28 | E12: 45 | F12: 7 | G12: 5 | H12: SUP_FA01 | I12: 45664 | J12: 450000 | K12: 45658
A13: SKU-011 | B13: Vacuum Cleaner Deerma | C13: Home & Living | D13: -18 | E13: 15 | F13: 4 | G13: 6 | H13: SUP_HM02 | I13: 46099 | J13: 1200000 | K13: 46082
... A76: SKU-002 | B76: Smartphone Samsung A54 | C76: Electronics | D76: 42 | E76: 25 | F76: 4 | G76: 19 | H76: SUP_EL02 | I76: 45881 | J76: 4500000 | K76: 45870
A77: SKU-019 | B77: Madu Hutan Asli 500ml | C77: Food & Beverage | D77: 18 | E77: 60 | F77: 8 | G77: 5 | H77: SUP_FB02 | I77: 45712 | K77: 45689
A78: SKU-004 | B78: Smartwatch Xiaomi Band | C78: Electronics | D78: 17 | E78: 30 | F78: 6 | G78: 8 | H78: SUP_EL01 | I78: 45996 | J78: 1200000 | K78: 45992
A79: SKU-016 | B79: Parfum EDT Brasov 100ml | C79: Beauty | D79: 238 | E79: 50 | F79: 2 | G79: 7 | H79: SUP_BT02 | I79: 45671 | J79: 125000 | K79: 45658
A80: SKU-008 | B80: Tas Ransel Eiger | C80: Fashion | D80: 0 | E80: 40 | F80: 10 | G80: 7 | H80: SUP_FA02 | I80: 46109 | J80: 550000 | K80: 46082
A81: SKU-018 | B81: Teh Organik Premium Box | C81: Food & Beverage | E81: 80 | F81: 11 | G81: 4 | H81: SUP_FB01 | I81: 45766 | J81: 65000 | K81: 45748
A82: SKU-017 | B82: Kopi Arabika 250g Pack | C82: Food & Beverage | D82: 26 | E82: 100 | F82: 16 | G82: 4 | H82: SUP_FB01 | I82: 45778 | J82: 85000 | K82: 45778
A83: SKU-014 | B83: Lipstik Matte Wardah | C83: Beauty | D83: 301 | E83: 80 | F83: 3 | G83: 4 | H83: SUP_BT01 | I83: 45936 | J83: 85000 | K83: 45931
A84: SKU-010 | B84: Rice Cooker Miyako 1.8L | C84: Home & Living | D84: 19 | E84: 25 | F84: 4 | G84: 10 | H84: SUP_HM01 | I84: 45729 | J84: 450000 | K84: 45717
A85: SKU-012 | B85: Kipas Angin Cosmos 16in | C85: Home & Living | D85: 51 | E85: 30 | F85: 6 | G85: 9 | H85: SUP_HM02 | I85: 45752 | J85: 350000 | K85: 45748
A86: SKU-007 | B86: Sepatu Sneakers Nike | C86: Fashion | D86: 17 | E86: 35 | F86: 5 | G86: 5 | H86: SUP_FA02 | I86: 45663 | J86: 1250000 | K86: 45658
A87: SKU-015 | B87: Foundation Maybelline Fit | C87: Beauty | D87: 223 | E87: 60 | F87: 4 | G87: 8 | H87: SUP_BT02 | I87: 46108 | J87: 165000 | K87: 46082
A88: SKU-005 | B88: Kemeja Formal Pria | C88: Fashion | D88: 34 | E88: 50 | F88: 6 | G88: 6 | H88: SUP_FA01 | I88: 45849 | J88: 350000 | K88: 45839
A89: SKU-008 | B89: Tas Ransel Eiger | C89: Fashion | D89: 10 | E89: 40 | F89: 4 | G89: 3 | H89: SUP_FA02 | I89: 46055 | J89: 550000 | K89: 46054
A90: SKU-014 | B90: Lipstik Matte Wardah | C90: Beauty | D90: 436 | E90: 80 | F90: 4 | G90: 4 | H90: SUP_BT01 | I90: 45755 | J90: 85000 | K90: 45748
A91: SKU-002 | B91: Smartphone Samsung A54 | C91: Electronics | D91: 0 | E91: 25 | F91: 8 | G91: 10 | H91: SUP_EL02 | I91: 46013 | J91: 4500000 | K91: 45992
A92: SKU-002 | B92: Smartphone Samsung A54 | C92: Electronics | D92: 20 | E92: 25 | F92: 4 | G92: 19 | H92: SUP_EL02 | I92: 45786 | J92: 4500000 | K92: 45778
A93: SKU-010 | B93: Rice Cooker Miyako 1.8L | C93: Home & Living | D93: 42 | E93: 25 | F93: 4 | G93: 8 | H93: SUP_HM01 | I93: 46029 | J93: 450000 | K93: 46023
... A122: SKU-007 | B122: Sepatu Sneakers Nike | C122: Fashion | D122: 18 | E122: 35 | F122: 7 | G122: 5 | H122: SUP_FA02 | I122: 45859 | J122: 1250000 | K122: 45839
A123: SKU-010 | B123: Rice Cooker Miyako 1.8L | C123: Home & Living | D123: 14 | E123: 25 | F123: 5 | G123: 9 | H123: SUP_HM01 | I123: 45816 | K123: 45809
A124: SKU-012 | B124: Kipas Angin Cosmos 16in | C124: Home & Living | D124: 34 | E124: 30 | F124: 5 | G124: 5 | H124: SUP_HM02 | I124: 46007 | J124: 350000 | K124: 45992
A125: SKU-006 | B125: Dress Casual Wanita | C125: Fashion | D125: 0 | E125: 45 | F125: 13 | G125: 7 | H125: SUP_FA01 | I125: 46015 | J125: 450000 | K125: 45992
A126: SKU-018 | B126: Teh Organik Premium Box | C126: Food & Beverage | D126: 17 | E126: 80 | F126: 11 | G126: 5 | H126: SUP_FB01 | I126: 45882 | J126: 65000 | K126: 45870
A127: SKU-019 | B127: Madu Hutan Asli 500ml | C127: Food & Beverage | D127: 0 | E127: 60 | F127: 14 | G127: 4 | H127: SUP_FB02 | I127: 45741 | J127: 175000 | K127: 45717
A128: SKU-011 | B128: Vacuum Cleaner Deerma | C128: Home & Living | D128: 13 | E128: 15 | F128: 2 | G128: 7 | H128: SUP_HM02 | I128: 45799 | J128: 1200000 | K128: 45778
A129: SKU-018 | B129: Teh Organik Premium Box | C129: Food & Beverage | D129: 9 | E129: 80 | F129: 11 | G129: 4 | H129: SUP_FB01 | I129: 46077 | J129: 65000 | K129: 46054
A130: SKU-015 | B130: Foundation Maybelline Fit | C130: Beauty | D130: 202 | E130: 60 | F130: 2 | G130: 4 | H130: SUP_BT02 | I130: 46019 | J130: 165000 | K130: 45992
A131: SKU-015 | B131: Foundation Maybelline Fit | C131: Beauty | D131: 252 | E131: 60 | F131: 4 | G131: 7 | H131: SUP_BT02 | I131: 45930 | J131: 165000 | K131: 45901
A132: SKU-009 | B132: Blender Philips HR2157 | C132: Home & Living | D132: 20 | E132: 20 | F132: 2 | G132: 7 | H132: SUP_HM01 | I132: 46027 | J132: 750000 | K132: 46023
A133: SKU-013 | B133: Skincare Set Whitelab | C133: Beauty | D133: 153 | E133: 40 | F133: 4 | G133: 5 | H133: SUP_BT01 | I133: 46097 | J133: 550000 | K133: 46082
A134: SKU-010 | B134: Rice Cooker Miyako 1.8L | C134: Home & Living | D134: 41 | E134: 25 | F134: 4 | G134: 10 | H134: SUP_HM01 | I134: 45801 | J134: 450000 | K134: 45778
A135: SKU-014 | B135: Lipstik Matte Wardah | C135: Beauty | D135: 405 | E135: 80 | G135: 5 | H135: SUP_BT01 | I135: 45663 | J135: 85000 | K135: 45658
A136: SKU-009 | B136: Blender Philips HR2157 | C136: Home & Living | D136: 32 | E136: 20 | F136: 1 | G136: 8 | H136: SUP_HM01 | I136: 45955 | J136: 750000 | K136: 45931
A137: SKU-003 | B137: Headphone Sony WH-1000 | C137: Electronics | D137: 0 | E137: 20 | F137: 3 | G137: 7 | H137: SUP_EL02 | I137: 45919 | J137: 3200000 | K137: 45901
A138: SKU-014 | B138: Lipstik Matte Wardah | C138: Beauty | D138: 255 | E138: 80 | F138: 4 | G138: 6 | H138: SUP_BT01 | I138: 46001 | J138: 85000 | K138: 45992
A139: SKU-013 | B139: Skincare Set Whitelab | C139: Beauty | D139: 168 | E139: 40 | F139: 3 | G139: 5 | H139: SUP_BT01 | I139: 45709 | J139: 550000 | K139: 45689
A140: SKU-010 | B140: Rice Cooker Miyako 1.8L | C140: Home & Living | D140: 58 | E140: 25 | F140: 1 | G140: 10 | H140: SUP_HM01 | I140: 45952 | J140: 450000 | K140: 45931
A141: SKU-008 | B141: Tas Ransel Eiger | C141: Fashion | D141: 42 | E141: 40 | F141: 4 | G141: 7 | H141: SUP_FA02 | I141: 45889 | J141: 550000 | K141: 45870
A142: SKU-012 | B142: Kipas Angin Cosmos 16in | C142: Home & Living | D142: 35 | E142: 30 | F142: 5 | G142: 6 | H142: SUP_HM02 | I142: 46048 | J142: 350000 | K142: 46023
A143: SKU-008 | B143: Tas Ransel Eiger | C143: Fashion | D143: 36 | E143: 40 | F143: 6 | G143: 4 | H143: SUP_FA02 | I143: 46044 | J143: 550000 | K143: 46023
A144: SKU-020 | B144: Snack Granola Mix 500g | C144: Food & Beverage | D144: 87 | E144: 120 | F144: 18 | G144: 7 | H144: SUP_FB02 | I144: 45748 | J144: 55000 | K144: 45748
A145: SKU-019 | B145: Madu Hutan Asli 500ml | C145: Food & Beverage | D145: 35 | E145: 60 | F145: 6 | G145: 7 | H145: SUP_FB02 | I145: 46221 | J145: 175000 | K145: 46023
A146: SKU-011 | B146: Vacuum Cleaner Deerma | C146: Home & Living | D146: 32 | E146: 15 | F146: 1 | G146: 8 | H146: SUP_HM02 | I146: 46079 | J146: 1200000 | K146: 46054
A147: SKU-013 | B147: Skincare Set Whitelab | C147: Beauty | D147: 139 | E147: 40 | F147: 2 | G147: 6 | H147: SUP_BT01 | I147: 45845 | J147: 550000 | K147: 45839
... A191: SKU-010 | B191: Rice Cooker Miyako 1.8L | C191: Home & Living | D191: 21 | E191: 25 | F191: 3 | G191: 9 | H191: SUP_HM01 | I191: 45854 | J191: 450000 | K191: 45839
A192: SKU-019 | B192: Madu Hutan Asli 500ml | C192: Food & Beverage | D192: 12 | E192: 60 | F192: 10 | H192: SUP_FB02 | I192: 45965 | J192: 175000 | K192: 45962
A193: SKU-001 | B193: Laptop ASUS Vivobook | C193: Electronics | D193: 17 | E193: 15 | F193: 1 | G193: 6 | H193: SUP_EL01 | I193: 45665 | J193: 8500000 | K193: 45658
A194: SKU-019 | B194: Madu Hutan Asli 500ml | C194: Food & Beverage | D194: 34 | E194: 60 | F194: 7 | G194: 6 | H194: SUP_FB02 | I194: 45934 | J194: 175000 | K194: 45931
A195: SKU-019 | B195: Madu Hutan Asli 500ml | C195: Food & Beverage | D195: 21 | E195: 60 | F195: 9 | G195: 4 | H195: SUP_FB02 | I195: 46067 | J195: 175000 | K195: 46054
A196: SKU-007 | B196: Sepatu Sneakers Nike | C196: Fashion | D196: 0 | E196: 35 | F196: 9 | G196: 6 | H196: SUP_FA02 | I196: 45973 | J196: 1250000 | K196: 45962
A197: SKU-013 | B197: Skincare Set Whitelab | C197: Beauty | D197: 150 | E197: 40 | F197: 4 | G197: 4 | H197: SUP_BT01 | I197: 46040 | J197: 550000 | K197: 46023
A198: SKU-018 | B198: Teh Organik Premium Box | C198: Food & Beverage | D198: 18 | E198: 80 | F198: 10 | G198: 4 | H198: SUP_FB01 | I198: 46024 | J198: 65000 | K198: 46023
A199: SKU-007 | B199: Sepatu Sneakers Nike | C199: Fashion | D199: 27 | E199: 35 | F199: 8 | G199: 6 | H199: SUP_FA02 | I199: 46054 | J199: 1250000 | K199: 46054
A200: SKU-012 | B200: Kipas Angin Cosmos 16in | C200: Home & Living | D200: 39 | E200: 30 | F200: 6 | G200: 10 | H200: SUP_HM02 | I200: 45854 | J200: 350000 | K200: 45839
A201: SKU-007 | B201: Sepatu Sneakers Nike | C201: Fashion | D201: 10 | E201: 35 | F201: 7 | G201: 3 | H201: SUP_FA02 | I201: 45929 | J201: 1250000 | K201: 45901
A202: SKU-003 | B202: Headphone Sony WH-1000 | C202: Electronics | D202: 7 | E202: 20 | F202: 2 | G202: 13 | H202: SUP_EL02 | I202: 45861 | J202: 3200000 | K202: 45839
A203: SKU-005 | B203: Kemeja Formal Pria | C203: Fashion | D203: 13 | E203: 50 | F203: 8 | G203: 4 | H203: SUP_FA01 | I203: 45691 | J203: 350000 | K203: 45689
A204: SKU-011 | B204: Vacuum Cleaner Deerma | C204: Home & Living | E204: 15 | F204: 2 | G204: 4 | H204: SUP_HM02 | I204: 45688 | J204: 1200000 | K204: 45658
A205: SKU-017 | B205: Kopi Arabika 250g Pack | C205: Food & Beverage | D205: 19 | E205: 100 | F205: 16 | G205: 4 | H205: SUP_FB01 | I205: 45965 | J205: 85000 | K205: 45962
A206: SKU-017 | B206: Kopi Arabika 250g Pack | C206: Food & Beverage | D206: 36 | E206: 100 | F206: 16 | G206: 5 | H206: SUP_FB01 | I206: 45851 | J206: 85000 | K206: 45839
A207: SKU-018 | B207: Teh Organik Premium Box | C207: Food & Beverage | D207: 33 | E207: 80 | F207: 13 | G207: 4 | H207: SUP_FB01 | I207: 45697 | J207: 65000 | K207: 45689
A208: SKU-001 | B208: Laptop ASUS Vivobook | C208: Electronics | D208: 0 | E208: 15 | F208: 2 | G208: 8 | H208: SUP_EL01 | I208: 45994 | J208: 8500000 | K208: 45992
A209: SKU-004 | B209: Smartwatch Xiaomi Band | C209: Electronics | D209: 34 | E209: 30 | F209: 4 | G209: 5 | H209: SUP_EL01 | I209: 46083 | J209: 1200000 | K209: 46082
A210: SKU-014 | B210: Lipstik Matte Wardah | C210: Beauty | D210: 427 | E210: 80 | F210: 2 | G210: 5 | H210: SUP_BT01 | I210: 45838 | J210: 85000 | K210: 45809
A211: SKU-019 | B211: Madu Hutan Asli 500ml | C211: Food & Beverage | D211: 14 | E211: 60 | F211: 8 | G211: 6 | H211: SUP_FB02 | I211: 45930 | J211: 175000 | K211: 45901
A212: SKU-002 | B212: Smartphone Samsung A54 | C212: Electronics | D212: 32 | E212: 25 | F212: 6 | G212: 17 | H212: SUP_EL02 | I212: 46026 | J212: 4500000 | K212: 46023
A213: SKU-016 | B213: Parfum EDT Brasov 100ml | C213: Beauty | E213: 50 | F213: 1 | G213: 7 | H213: SUP_BT02 | I213: 45885 | J213: 125000 | K213: 45870
A214: SKU-001 | B214: Laptop ASUS Vivobook | C214: Electronics | D214: 28 | E214: 15 | F214: 1 | G214: 6 | H214: SUP_EL01 | I214: 45800 | J214: 8500000 | K214: 45778
A215: SKU-009 | B215: Blender Philips HR2157 | C215: Home & Living | D215: 21 | E215: 20 | F215: 2 | G215: 9 | H215: SUP_HM01 | I215: 45724 | J215: 750000 | K215: 45717
A216: SKU-003 | B216: Headphone Sony WH-1000 | C216: Electronics | D216: 12 | E216: 20 | F216: 2 | G216: 16 | H216: SUP_EL02 | I216: 45724 | J216: 3200000 | K216: 45717
A217: SKU-020 | B217: Snack Granola Mix 500g | C217: Food & Beverage | D217: 72 | E217: 120 | F217: 18 | G217: 7 | H217: SUP_FB02 | I217: 45815 | J217: 55000 | K217: 45809
A218: SKU-011 | B218: Vacuum Cleaner Deerma | C218: Home & Living | D218: 33 | E218: 15 | F218: 2 | G218: 10 | H218: SUP_HM02 | I218: 46032 | J218: 1200000 | K218: 46023
A219: SKU-015 | B219: Foundation Maybelline Fit | C219: Beauty | D219: 246 | E219: 60 | F219: 3 | G219: 7 | H219: SUP_BT02 | I219: 46049 | J219: 165000 | K219: 46023
A220: SKU-018 | B220: Teh Organik Premium Box | C220: Food & Beverage | D220: 64 | E220: 80 | F220: 13 | G220: 5 | H220: SUP_FB01 | I220: 45970 | J220: 65000 | K220: 45962
A221: SKU-010 | B221: Rice Cooker Miyako 1.8L | C221: Home & Living | D221: 37 | E221: 25 | F221: 1 | G221: 9 | H221: SUP_HM01 | I221: 45775 | J221: 450000 | K221: 45748
A222: SKU-005 | B222: Kemeja Formal Pria | C222: Fashion | D222: 0 | E222: 50 | F222: 13 | G222: 3 | H222: SUP_FA01 | I222: 45747 | J222: 350000 | K222: 45717
A223: SKU-015 | B223: Foundation Maybelline Fit | C223: Beauty | D223: 230 | E223: 60 | F223: 2 | G223: 8 | H223: SUP_BT02 | I223: 45817 | J223: 165000 | K223: 45809
A224: SKU-010 | B224: Rice Cooker Miyako 1.8L | C224: Home & Living | D224: 52 | E224: 25 | F224: 4 | G224: 9 | H224: SUP_HM01 | I224: 45671 | J224: 450000 | K224: 45658
A225: SKU-009 | B225: Blender Philips HR2157 | C225: Home & Living | D225: 47 | E225: 20 | F225: 4 | G225: 9 | H225: SUP_HM01 | I225: 45909 | J225: 750000 | K225: 45901
... A229: SKU-019 | B229: Madu Hutan Asli 500ml | C229: Food & Beverage | D229: 37 | E229: 60 | F229: 8 | G229: 5 | H229: SUP_FB02 | I229: 45795 | J229: 175000 | K229: 45778
A230: SKU-005 | B230: Kemeja Formal Pria | C230: Fashion | D230: 49 | E230: 50 | F230: 5 | H230: SUP_FA01 | I230: 45784 | J230: 350000 | K230: 45778
A231: SKU-003 | B231: Headphone Sony WH-1000 | C231: Electronics | D231: 22 | E231: 20 | F231: 4 | G231: 8 | H231: SUP_EL02 | I231: 46103 | J231: 3200000 | K231: 46082
A232: SKU-017 | B232: Kopi Arabika 250g Pack | C232: Food & Beverage | D232: 58 | E232: 100 | F232: 14 | G232: 3 | H232: SUP_FB01 | I232: 45951 | J232: 85000 | K232: 45931
A233: SKU-011 | B233: Vacuum Cleaner Deerma | C233: Home & Living | D233: 14 | E233: 15 | F233: 2 | G233: 5 | H233: SUP_HM02 | I233: 45858 | J233: 1200000 | K233: 45839
A234: SKU-003 | B234: Headphone Sony WH-1000 | C234: Electronics | D234: 0 | E234: 20 | F234: 4 | G234: 17 | H234: SUP_EL02 | I234: 45964 | J234: 3200000 | K234: 45962
A235: SKU-009 | B235: Blender Philips HR2157 | C235: Home & Living | D235: 26 | E235: 20 | F235: 2 | G235: 10 | H235: SUP_HM01 | I235: 45762 | J235: 750000 | K235: 45748
A236: SKU-020 | B236: Snack Granola Mix 500g | C236: Food & Beverage | D236: 12 | E236: 120 | F236: 21 | G236: 5 | H236: SUP_FB02 | I236: 45706 | J236: 55000 | K236: 45689
...

Sheet 8 Negative Values
A1: SKU | B1: ProductName | C1: Category | D1: CurrentStock | E1: ReorderPoint | F1: DailySalesAvg | G1: LeadTime | H1: SupplierID | I1: LastRestockDate | J1: UnitPrice | K1: SnapshotDate
A2: SKU-016 | B2: Parfum EDT Brasov 100ml | C2: Beauty | D2: 271 | E2: 50 | F2: 2 | G2: 4 | H2: SUP_BT02 | I2: 45748 | J2: 125000 | K2: 45748
A3: SKU-001 | B3: Laptop ASUS Vivobook | C3: Electronics | D3: 21 | E3: 15 | F3: 4 | G3: 5 | H3: SUP_EL01 | I3: 45942 | J3: 8500000 | K3: 45931
A4: SKU-004 | B4: Smartwatch Xiaomi Band | C4: Electronics | D4: 30 | E4: 30 | F4: 2 | G4: 7 | H4: SUP_EL01 | I4: 46029 | J4: 1200000 | K4: 46023
A5: SKU-005 | B5: Kemeja Formal Pria | C5: Fashion | D5: 25 | E5: 50 | F5: 6 | G5: 3 | H5: SUP_FA01 | I5: 45688 | J5: 350000 | K5: 45658
A6: SKU-002 | B6: Smartphone Samsung A54 | C6: Electronics | D6: 0 | E6: 25 | F6: 7 | G6: 21 | H6: SUP_EL02 | I6: 45978 | J6: 4500000 | K6: 45962
A7: SKU-005 | B7: Kemeja Formal Pria | C7: Fashion | D7: 0 | E7: 50 | F7: 11 | G7: 7 | H7: SUP_FA01 | I7: 45749 | J7: 350000 | K7: 45748
A8: SKU-007 | B8: Sepatu Sneakers Nike | C8: Fashion | D8: 0 | E8: 35 | F8: 8 | G8: 5 | H8: SUP_FA02 | I8: 45774 | J8: 1250000 | K8: 45748
A9: SKU-013 | B9: Skincare Set Whitelab | C9: Beauty | D9: 220 | E9: 40 | F9: 2 | G9: 5 | H9: SUP_BT01 | I9: 45831 | J9: 550000 | K9: 45809
A10: SKU-018 | B10: Teh Organik Premium Box | C10: Food & Beverage | D10: 28 | E10: 80 | F10: 11 | G10: 4 | H10: SUP_FB01 | I10: 45812 | J10: 65000 | K10: 45809
A11: SKU-004 | B11: Smartwatch Xiaomi Band | C11: Electronics | D11: 24 | E11: 30 | F11: 3 | G11: 6 | H11: SUP_EL01 | I11: 45695 | J11: 1200000 | K11: 45689
A12: SKU-006 | B12: Dress Casual Wanita | C12: Fashion | D12: -28 | E12: 45 | F12: 7 | G12: 5 | H12: SUP_FA01 | I12: 45664 | J12: 450000 | K12: 45658
A13: SKU-011 | B13: Vacuum Cleaner Deerma | C13: Home & Living | D13: -18 | E13: 15 | F13: 4 | G13: 6 | H13: SUP_HM02 | I13: 46099 | J13: 1200000 | K13: 46082
... A76: SKU-002 | B76: Smartphone Samsung A54 | C76: Electronics | D76: 42 | E76: 25 | F76: 4 | G76: 19 | H76: SUP_EL02 | I76: 45881 | J76: 4500000 | K76: 45870
A77: SKU-019 | B77: Madu Hutan Asli 500ml | C77: Food & Beverage | D77: 18 | E77: 60 | F77: 8 | G77: 5 | H77: SUP_FB02 | I77: 45712 | K77: 45689
A78: SKU-004 | B78: Smartwatch Xiaomi Band | C78: Electronics | D78: 17 | E78: 30 | F78: 6 | G78: 8 | H78: SUP_EL01 | I78: 45996 | J78: 1200000 | K78: 45992
A79: SKU-016 | B79: Parfum EDT Brasov 100ml | C79: Beauty | D79: 238 | E79: 50 | F79: 2 | G79: 7 | H79: SUP_BT02 | I79: 45671 | J79: 125000 | K79: 45658
A80: SKU-008 | B80: Tas Ransel Eiger | C80: Fashion | D80: 0 | E80: 40 | F80: 10 | G80: 7 | H80: SUP_FA02 | I80: 46109 | J80: 550000 | K80: 46082
A81: SKU-018 | B81: Teh Organik Premium Box | C81: Food & Beverage | E81: 80 | F81: 11 | G81: 4 | H81: SUP_FB01 | I81: 45766 | J81: 65000 | K81: 45748
A82: SKU-017 | B82: Kopi Arabika 250g Pack | C82: Food & Beverage | D82: 26 | E82: 100 | F82: 16 | G82: 4 | H82: SUP_FB01 | I82: 45778 | J82: 85000 | K82: 45778
A83: SKU-014 | B83: Lipstik Matte Wardah | C83: Beauty | D83: 301 | E83: 80 | F83: 3 | G83: 4 | H83: SUP_BT01 | I83: 45936 | J83: 85000 | K83: 45931
A84: SKU-010 | B84: Rice Cooker Miyako 1.8L | C84: Home & Living | D84: 19 | E84: 25 | F84: 4 | G84: 10 | H84: SUP_HM01 | I84: 45729 | J84: 450000 | K84: 45717
A85: SKU-012 | B85: Kipas Angin Cosmos 16in | C85: Home & Living | D85: 51 | E85: 30 | F85: 6 | G85: 9 | H85: SUP_HM02 | I85: 45752 | J85: 350000 | K85: 45748
A86: SKU-007 | B86: Sepatu Sneakers Nike | C86: Fashion | D86: 17 | E86: 35 | F86: 5 | G86: 5 | H86: SUP_FA02 | I86: 45663 | J86: 1250000 | K86: 45658
A87: SKU-015 | B87: Foundation Maybelline Fit | C87: Beauty | D87: 223 | E87: 60 | F87: 4 | G87: 8 | H87: SUP_BT02 | I87: 46108 | J87: 165000 | K87: 46082
A88: SKU-005 | B88: Kemeja Formal Pria | C88: Fashion | D88: 34 | E88: 50 | F88: 6 | G88: 6 | H88: SUP_FA01 | I88: 45849 | J88: 350000 | K88: 45839
A89: SKU-008 | B89: Tas Ransel Eiger | C89: Fashion | D89: 10 | E89: 40 | F89: 4 | G89: 3 | H89: SUP_FA02 | I89: 46055 | J89: 550000 | K89: 46054
A90: SKU-014 | B90: Lipstik Matte Wardah | C90: Beauty | D90: 436 | E90: 80 | F90: 4 | G90: 4 | H90: SUP_BT01 | I90: 45755 | J90: 85000 | K90: 45748
A91: SKU-002 | B91: Smartphone Samsung A54 | C91: Electronics | D91: 0 | E91: 25 | F91: 8 | G91: 10 | H91: SUP_EL02 | I91: 46013 | J91: 4500000 | K91: 45992
A92: SKU-002 | B92: Smartphone Samsung A54 | C92: Electronics | D92: 20 | E92: 25 | F92: 4 | G92: 19 | H92: SUP_EL02 | I92: 45786 | J92: 4500000 | K92: 45778
A93: SKU-010 | B93: Rice Cooker Miyako 1.8L | C93: Home & Living | D93: 42 | E93: 25 | F93: 4 | G93: 8 | H93: SUP_HM01 | I93: 46029 | J93: 450000 | K93: 46023
... A122: SKU-007 | B122: Sepatu Sneakers Nike | C122: Fashion | D122: 18 | E122: 35 | F122: 7 | G122: 5 | H122: SUP_FA02 | I122: 45859 | J122: 1250000 | K122: 45839
A123: SKU-010 | B123: Rice Cooker Miyako 1.8L | C123: Home & Living | D123: 14 | E123: 25 | F123: 5 | G123: 9 | H123: SUP_HM01 | I123: 45816 | K123: 45809
A124: SKU-012 | B124: Kipas Angin Cosmos 16in | C124: Home & Living | D124: 34 | E124: 30 | F124: 5 | G124: 5 | H124: SUP_HM02 | I124: 46007 | J124: 350000 | K124: 45992
A125: SKU-006 | B125: Dress Casual Wanita | C125: Fashion | D125: 0 | E125: 45 | F125: 13 | G125: 7 | H125: SUP_FA01 | I125: 46015 | J125: 450000 | K125: 45992
A126: SKU-018 | B126: Teh Organik Premium Box | C126: Food & Beverage | D126: 17 | E126: 80 | F126: 11 | G126: 5 | H126: SUP_FB01 | I126: 45882 | J126: 65000 | K126: 45870
A127: SKU-019 | B127: Madu Hutan Asli 500ml | C127: Food & Beverage | D127: 0 | E127: 60 | F127: 14 | G127: 4 | H127: SUP_FB02 | I127: 45741 | J127: 175000 | K127: 45717
A128: SKU-011 | B128: Vacuum Cleaner Deerma | C128: Home & Living | D128: 13 | E128: 15 | F128: 2 | G128: 7 | H128: SUP_HM02 | I128: 45799 | J128: 1200000 | K128: 45778
A129: SKU-018 | B129: Teh Organik Premium Box | C129: Food & Beverage | D129: 9 | E129: 80 | F129: 11 | G129: 4 | H129: SUP_FB01 | I129: 46077 | J129: 65000 | K129: 46054
A130: SKU-015 | B130: Foundation Maybelline Fit | C130: Beauty | D130: 202 | E130: 60 | F130: 2 | G130: 4 | H130: SUP_BT02 | I130: 46019 | J130: 165000 | K130: 45992
A131: SKU-015 | B131: Foundation Maybelline Fit | C131: Beauty | D131: 252 | E131: 60 | F131: 4 | G131: 7 | H131: SUP_BT02 | I131: 45930 | J131: 165000 | K131: 45901
A132: SKU-009 | B132: Blender Philips HR2157 | C132: Home & Living | D132: 20 | E132: 20 | F132: 2 | G132: 7 | H132: SUP_HM01 | I132: 46027 | J132: 750000 | K132: 46023
A133: SKU-013 | B133: Skincare Set Whitelab | C133: Beauty | D133: 153 | E133: 40 | F133: 4 | G133: 5 | H133: SUP_BT01 | I133: 46097 | J133: 550000 | K133: 46082
A134: SKU-010 | B134: Rice Cooker Miyako 1.8L | C134: Home & Living | D134: 41 | E134: 25 | F134: 4 | G134: 10 | H134: SUP_HM01 | I134: 45801 | J134: 450000 | K134: 45778
A135: SKU-014 | B135: Lipstik Matte Wardah | C135: Beauty | D135: 405 | E135: 80 | G135: 5 | H135: SUP_BT01 | I135: 45663 | J135: 85000 | K135: 45658
A136: SKU-009 | B136: Blender Philips HR2157 | C136: Home & Living | D136: 32 | E136: 20 | F136: 1 | G136: 8 | H136: SUP_HM01 | I136: 45955 | J136: 750000 | K136: 45931
A137: SKU-003 | B137: Headphone Sony WH-1000 | C137: Electronics | D137: 0 | E137: 20 | F137: 3 | G137: 7 | H137: SUP_EL02 | I137: 45919 | J137: 3200000 | K137: 45901
A138: SKU-014 | B138: Lipstik Matte Wardah | C138: Beauty | D138: 255 | E138: 80 | F138: 4 | G138: 6 | H138: SUP_BT01 | I138: 46001 | J138: 85000 | K138: 45992
A139: SKU-013 | B139: Skincare Set Whitelab | C139: Beauty | D139: 168 | E139: 40 | F139: 3 | G139: 5 | H139: SUP_BT01 | I139: 45709 | J139: 550000 | K139: 45689
A140: SKU-010 | B140: Rice Cooker Miyako 1.8L | C140: Home & Living | D140: 58 | E140: 25 | F140: 1 | G140: 10 | H140: SUP_HM01 | I140: 45952 | J140: 450000 | K140: 45931
A141: SKU-008 | B141: Tas Ransel Eiger | C141: Fashion | D141: 42 | E141: 40 | F141: 4 | G141: 7 | H141: SUP_FA02 | I141: 45889 | J141: 550000 | K141: 45870
A142: SKU-012 | B142: Kipas Angin Cosmos 16in | C142: Home & Living | D142: 35 | E142: 30 | F142: 5 | G142: 6 | H142: SUP_HM02 | I142: 46048 | J142: 350000 | K142: 46023
A143: SKU-008 | B143: Tas Ransel Eiger | C143: Fashion | D143: 36 | E143: 40 | F143: 6 | G143: 4 | H143: SUP_FA02 | I143: 46044 | J143: 550000 | K143: 46023
A144: SKU-020 | B144: Snack Granola Mix 500g | C144: Food & Beverage | D144: 87 | E144: 120 | F144: 18 | G144: 7 | H144: SUP_FB02 | I144: 45748 | J144: 55000 | K144: 45748
A145: SKU-019 | B145: Madu Hutan Asli 500ml | C145: Food & Beverage | D145: 35 | E145: 60 | F145: 6 | G145: 7 | H145: SUP_FB02 | I145: 46221 | J145: 175000 | K145: 46023
A146: SKU-011 | B146: Vacuum Cleaner Deerma | C146: Home & Living | D146: 32 | E146: 15 | F146: 1 | G146: 8 | H146: SUP_HM02 | I146: 46079 | J146: 1200000 | K146: 46054
A147: SKU-013 | B147: Skincare Set Whitelab | C147: Beauty | D147: 139 | E147: 40 | F147: 2 | G147: 6 | H147: SUP_BT01 | I147: 45845 | J147: 550000 | K147: 45839
... A191: SKU-010 | B191: Rice Cooker Miyako 1.8L | C191: Home & Living | D191: 21 | E191: 25 | F191: 3 | G191: 9 | H191: SUP_HM01 | I191: 45854 | J191: 450000 | K191: 45839
A192: SKU-019 | B192: Madu Hutan Asli 500ml | C192: Food & Beverage | D192: 12 | E192: 60 | F192: 10 | H192: SUP_FB02 | I192: 45965 | J192: 175000 | K192: 45962
A193: SKU-001 | B193: Laptop ASUS Vivobook | C193: Electronics | D193: 17 | E193: 15 | F193: 1 | G193: 6 | H193: SUP_EL01 | I193: 45665 | J193: 8500000 | K193: 45658
A194: SKU-019 | B194: Madu Hutan Asli 500ml | C194: Food & Beverage | D194: 34 | E194: 60 | F194: 7 | G194: 6 | H194: SUP_FB02 | I194: 45934 | J194: 175000 | K194: 45931
A195: SKU-019 | B195: Madu Hutan Asli 500ml | C195: Food & Beverage | D195: 21 | E195: 60 | F195: 9 | G195: 4 | H195: SUP_FB02 | I195: 46067 | J195: 175000 | K195: 46054
A196: SKU-007 | B196: Sepatu Sneakers Nike | C196: Fashion | D196: 0 | E196: 35 | F196: 9 | G196: 6 | H196: SUP_FA02 | I196: 45973 | J196: 1250000 | K196: 45962
A197: SKU-013 | B197: Skincare Set Whitelab | C197: Beauty | D197: 150 | E197: 40 | F197: 4 | G197: 4 | H197: SUP_BT01 | I197: 46040 | J197: 550000 | K197: 46023
A198: SKU-018 | B198: Teh Organik Premium Box | C198: Food & Beverage | D198: 18 | E198: 80 | F198: 10 | G198: 4 | H198: SUP_FB01 | I198: 46024 | J198: 65000 | K198: 46023
A199: SKU-007 | B199: Sepatu Sneakers Nike | C199: Fashion | D199: 27 | E199: 35 | F199: 8 | G199: 6 | H199: SUP_FA02 | I199: 46054 | J199: 1250000 | K199: 46054
A200: SKU-012 | B200: Kipas Angin Cosmos 16in | C200: Home & Living | D200: 39 | E200: 30 | F200: 6 | G200: 10 | H200: SUP_HM02 | I200: 45854 | J200: 350000 | K200: 45839
A201: SKU-007 | B201: Sepatu Sneakers Nike | C201: Fashion | D201: 10 | E201: 35 | F201: 7 | G201: 3 | H201: SUP_FA02 | I201: 45929 | J201: 1250000 | K201: 45901
A202: SKU-003 | B202: Headphone Sony WH-1000 | C202: Electronics | D202: 7 | E202: 20 | F202: 2 | G202: 13 | H202: SUP_EL02 | I202: 45861 | J202: 3200000 | K202: 45839
A203: SKU-005 | B203: Kemeja Formal Pria | C203: Fashion | D203: 13 | E203: 50 | F203: 8 | G203: 4 | H203: SUP_FA01 | I203: 45691 | J203: 350000 | K203: 45689
A204: SKU-011 | B204: Vacuum Cleaner Deerma | C204: Home & Living | E204: 15 | F204: 2 | G204: 4 | H204: SUP_HM02 | I204: 45688 | J204: 1200000 | K204: 45658
A205: SKU-017 | B205: Kopi Arabika 250g Pack | C205: Food & Beverage | D205: 19 | E205: 100 | F205: 16 | G205: 4 | H205: SUP_FB01 | I205: 45965 | J205: 85000 | K205: 45962
A206: SKU-017 | B206: Kopi Arabika 250g Pack | C206: Food & Beverage | D206: 36 | E206: 100 | F206: 16 | G206: 5 | H206: SUP_FB01 | I206: 45851 | J206: 85000 | K206: 45839
A207: SKU-018 | B207: Teh Organik Premium Box | C207: Food & Beverage | D207: 33 | E207: 80 | F207: 13 | G207: 4 | H207: SUP_FB01 | I207: 45697 | J207: 65000 | K207: 45689
A208: SKU-001 | B208: Laptop ASUS Vivobook | C208: Electronics | D208: 0 | E208: 15 | F208: 2 | G208: 8 | H208: SUP_EL01 | I208: 45994 | J208: 8500000 | K208: 45992
A209: SKU-004 | B209: Smartwatch Xiaomi Band | C209: Electronics | D209: 34 | E209: 30 | F209: 4 | G209: 5 | H209: SUP_EL01 | I209: 46083 | J209: 1200000 | K209: 46082
A210: SKU-014 | B210: Lipstik Matte Wardah | C210: Beauty | D210: 427 | E210: 80 | F210: 2 | G210: 5 | H210: SUP_BT01 | I210: 45838 | J210: 85000 | K210: 45809
A211: SKU-019 | B211: Madu Hutan Asli 500ml | C211: Food & Beverage | D211: 14 | E211: 60 | F211: 8 | G211: 6 | H211: SUP_FB02 | I211: 45930 | J211: 175000 | K211: 45901
A212: SKU-002 | B212: Smartphone Samsung A54 | C212: Electronics | D212: 32 | E212: 25 | F212: 6 | G212: 17 | H212: SUP_EL02 | I212: 46026 | J212: 4500000 | K212: 46023
A213: SKU-016 | B213: Parfum EDT Brasov 100ml | C213: Beauty | E213: 50 | F213: 1 | G213: 7 | H213: SUP_BT02 | I213: 45885 | J213: 125000 | K213: 45870
A214: SKU-001 | B214: Laptop ASUS Vivobook | C214: Electronics | D214: 28 | E214: 15 | F214: 1 | G214: 6 | H214: SUP_EL01 | I214: 45800 | J214: 8500000 | K214: 45778
A215: SKU-009 | B215: Blender Philips HR2157 | C215: Home & Living | D215: 21 | E215: 20 | F215: 2 | G215: 9 | H215: SUP_HM01 | I215: 45724 | J215: 750000 | K215: 45717
A216: SKU-003 | B216: Headphone Sony WH-1000 | C216: Electronics | D216: 12 | E216: 20 | F216: 2 | G216: 16 | H216: SUP_EL02 | I216: 45724 | J216: 3200000 | K216: 45717
A217: SKU-020 | B217: Snack Granola Mix 500g | C217: Food & Beverage | D217: 72 | E217: 120 | F217: 18 | G217: 7 | H217: SUP_FB02 | I217: 45815 | J217: 55000 | K217: 45809
A218: SKU-011 | B218: Vacuum Cleaner Deerma | C218: Home & Living | D218: 33 | E218: 15 | F218: 2 | G218: 10 | H218: SUP_HM02 | I218: 46032 | J218: 1200000 | K218: 46023
A219: SKU-015 | B219: Foundation Maybelline Fit | C219: Beauty | D219: 246 | E219: 60 | F219: 3 | G219: 7 | H219: SUP_BT02 | I219: 46049 | J219: 165000 | K219: 46023
A220: SKU-018 | B220: Teh Organik Premium Box | C220: Food & Beverage | D220: 64 | E220: 80 | F220: 13 | G220: 5 | H220: SUP_FB01 | I220: 45970 | J220: 65000 | K220: 45962
A221: SKU-010 | B221: Rice Cooker Miyako 1.8L | C221: Home & Living | D221: 37 | E221: 25 | F221: 1 | G221: 9 | H221: SUP_HM01 | I221: 45775 | J221: 450000 | K221: 45748
A222: SKU-005 | B222: Kemeja Formal Pria | C222: Fashion | D222: 0 | E222: 50 | F222: 13 | G222: 3 | H222: SUP_FA01 | I222: 45747 | J222: 350000 | K222: 45717
A223: SKU-015 | B223: Foundation Maybelline Fit | C223: Beauty | D223: 230 | E223: 60 | F223: 2 | G223: 8 | H223: SUP_BT02 | I223: 45817 | J223: 165000 | K223: 45809
A224: SKU-010 | B224: Rice Cooker Miyako 1.8L | C224: Home & Living | D224: 52 | E224: 25 | F224: 4 | G224: 9 | H224: SUP_HM01 | I224: 45671 | J224: 450000 | K224: 45658
A225: SKU-009 | B225: Blender Philips HR2157 | C225: Home & Living | D225: 47 | E225: 20 | F225: 4 | G225: 9 | H225: SUP_HM01 | I225: 45909 | J225: 750000 | K225: 45901
... A229: SKU-019 | B229: Madu Hutan Asli 500ml | C229: Food & Beverage | D229: 37 | E229: 60 | F229: 8 | G229: 5 | H229: SUP_FB02 | I229: 45795 | J229: 175000 | K229: 45778
A230: SKU-005 | B230: Kemeja Formal Pria | C230: Fashion | D230: 49 | E230: 50 | F230: 5 | H230: SUP_FA01 | I230: 45784 | J230: 350000 | K230: 45778
A231: SKU-003 | B231: Headphone Sony WH-1000 | C231: Electronics | D231: 22 | E231: 20 | F231: 4 | G231: 8 | H231: SUP_EL02 | I231: 46103 | J231: 3200000 | K231: 46082
A232: SKU-017 | B232: Kopi Arabika 250g Pack | C232: Food & Beverage | D232: 58 | E232: 100 | F232: 14 | G232: 3 | H232: SUP_FB01 | I232: 45951 | J232: 85000 | K232: 45931
A233: SKU-011 | B233: Vacuum Cleaner Deerma | C233: Home & Living | D233: 14 | E233: 15 | F233: 2 | G233: 5 | H233: SUP_HM02 | I233: 45858 | J233: 1200000 | K233: 45839
A234: SKU-003 | B234: Headphone Sony WH-1000 | C234: Electronics | D234: 0 | E234: 20 | F234: 4 | G234: 17 | H234: SUP_EL02 | I234: 45964 | J234: 3200000 | K234: 45962
A235: SKU-009 | B235: Blender Philips HR2157 | C235: Home & Living | D235: 26 | E235: 20 | F235: 2 | G235: 10 | H235: SUP_HM01 | I235: 45762 | J235: 750000 | K235: 45748
A236: SKU-020 | B236: Snack Granola Mix 500g | C236: Food & Beverage | D236: 12 | E236: 120 | F236: 21 | G236: 5 | H236: SUP_FB02 | I236: 45706 | J236: 55000 | K236: 45689
...

Sheet 10 Missing Value (Live)
A1: SKU | B1: ProductName | C1: Category | D1: CurrentStock | E1: ReorderPoint | F1: DailySalesAvg | G1: LeadTime | H1: SupplierID | I1: LastRestockDate | J1: UnitPrice | K1: SnapshotDate
A2: SKU-016 | B2: Parfum EDT Brasov 100ml | C2: Beauty | D2: 271 | E2: 50 | F2: 2 | G2: 4 | H2: SUP_BT02 | I2: 45748 | J2: 125000 | K2: 45748 | L2: =COUNTBLANK($A2:$K2) > 0 -> FALSE
A3: SKU-001 | B3: Laptop ASUS Vivobook | C3: Electronics | D3: 21 | E3: 15 | F3: 4 | G3: 5 | H3: SUP_EL01 | I3: 45942 | J3: 8500000 | K3: 45931 | L3: =COUNTBLANK($A3:$K3) > 0 -> FALSE
A4: SKU-004 | B4: Smartwatch Xiaomi Band | C4: Electronics | D4: 30 | E4: 30 | F4: 2 | G4: 7 | H4: SUP_EL01 | I4: 46029 | J4: 1200000 | K4: 46023 | L4: =COUNTBLANK($A4:$K4) > 0 -> FALSE
A5: SKU-005 | B5: Kemeja Formal Pria | C5: Fashion | D5: 25 | E5: 50 | F5: 6 | G5: 3 | H5: SUP_FA01 | I5: 45688 | J5: 350000 | K5: 45658 | L5: =COUNTBLANK($A5:$K5) > 0 -> FALSE
A6: SKU-002 | B6: Smartphone Samsung A54 | C6: Electronics | D6: 0 | E6: 25 | F6: 7 | G6: 21 | H6: SUP_EL02 | I6: 45978 | J6: 4500000 | K6: 45962 | L6: =COUNTBLANK($A6:$K6) > 0 -> FALSE
A7: SKU-005 | B7: Kemeja Formal Pria | C7: Fashion | D7: 0 | E7: 50 | F7: 11 | G7: 7 | H7: SUP_FA01 | I7: 45749 | J7: 350000 | K7: 45748 | L7: =COUNTBLANK($A7:$K7) > 0 -> FALSE
A8: SKU-007 | B8: Sepatu Sneakers Nike | C8: Fashion | D8: 0 | E8: 35 | F8: 8 | G8: 5 | H8: SUP_FA02 | I8: 45774 | J8: 1250000 | K8: 45748 | L8: =COUNTBLANK($A8:$K8) > 0 -> FALSE
A9: SKU-013 | B9: Skincare Set Whitelab | C9: Beauty | D9: 220 | E9: 40 | F9: 2 | G9: 5 | H9: SUP_BT01 | I9: 45831 | J9: 550000 | K9: 45809 | L9: =COUNTBLANK($A9:$K9) > 0 -> FALSE
A10: SKU-018 | B10: Teh Organik Premium Box | C10: Food & Beverage | D10: 28 | E10: 80 | F10: 11 | G10: 4 | H10: SUP_FB01 | I10: 45812 | J10: 65000 | K10: 45809 | L10: =COUNTBLANK($A10:$K10) > 0 -> FALSE
A11: SKU-004 | B11: Smartwatch Xiaomi Band | C11: Electronics | D11: 24 | E11: 30 | F11: 3 | G11: 6 | H11: SUP_EL01 | I11: 45695 | J11: 1200000 | K11: 45689 | L11: =COUNTBLANK($A11:$K11) > 0 -> FALSE
A12: SKU-006 | B12: Dress Casual Wanita | C12: Fashion | D12: -28 | E12: 45 | F12: 7 | G12: 5 | H12: SUP_FA01 | I12: 45664 | J12: 450000 | K12: 45658 | L12: =COUNTBLANK($A12:$K12) > 0 -> FALSE
A13: SKU-011 | B13: Vacuum Cleaner Deerma | C13: Home & Living | D13: -18 | E13: 15 | F13: 4 | G13: 6 | H13: SUP_HM02 | I13: 46099 | J13: 1200000 | K13: 46082 | L13: =COUNTBLANK($A13:$K13) > 0 -> FALSE
... A76: SKU-002 | B76: Smartphone Samsung A54 | C76: Electronics | D76: 42 | E76: 25 | F76: 4 | G76: 19 | H76: SUP_EL02 | I76: 45881 | J76: 4500000 | K76: 45870 | L76: =COUNTBLANK($A76:$K76) > 0 -> FALSE
A77: SKU-019 | B77: Madu Hutan Asli 500ml | C77: Food & Beverage | D77: 18 | E77: 60 | F77: 8 | G77: 5 | H77: SUP_FB02 | I77: 45712 | K77: 45689 | L77: =COUNTBLANK($A77:$K77) > 0 -> TRUE
A78: SKU-004 | B78: Smartwatch Xiaomi Band | C78: Electronics | D78: 17 | E78: 30 | F78: 6 | G78: 8 | H78: SUP_EL01 | I78: 45996 | J78: 1200000 | K78: 45992 | L78: =COUNTBLANK($A78:$K78) > 0 -> FALSE
A79: SKU-016 | B79: Parfum EDT Brasov 100ml | C79: Beauty | D79: 238 | E79: 50 | F79: 2 | G79: 7 | H79: SUP_BT02 | I79: 45671 | J79: 125000 | K79: 45658 | L79: =COUNTBLANK($A79:$K79) > 0 -> FALSE
A80: SKU-008 | B80: Tas Ransel Eiger | C80: Fashion | D80: 0 | E80: 40 | F80: 10 | G80: 7 | H80: SUP_FA02 | I80: 46109 | J80: 550000 | K80: 46082 | L80: =COUNTBLANK($A80:$K80) > 0 -> FALSE
A81: SKU-018 | B81: Teh Organik Premium Box | C81: Food & Beverage | E81: 80 | F81: 11 | G81: 4 | H81: SUP_FB01 | I81: 45766 | J81: 65000 | K81: 45748 | L81: =COUNTBLANK($A81:$K81) > 0 -> TRUE
A82: SKU-017 | B82: Kopi Arabika 250g Pack | C82: Food & Beverage | D82: 26 | E82: 100 | F82: 16 | G82: 4 | H82: SUP_FB01 | I82: 45778 | J82: 85000 | K82: 45778 | L82: =COUNTBLANK($A82:$K82) > 0 -> FALSE
A83: SKU-014 | B83: Lipstik Matte Wardah | C83: Beauty | D83: 301 | E83: 80 | F83: 3 | G83: 4 | H83: SUP_BT01 | I83: 45936 | J83: 85000 | K83: 45931 | L83: =COUNTBLANK($A83:$K83) > 0 -> FALSE
A84: SKU-010 | B84: Rice Cooker Miyako 1.8L | C84: Home & Living | D84: 19 | E84: 25 | F84: 4 | G84: 10 | H84: SUP_HM01 | I84: 45729 | J84: 450000 | K84: 45717 | L84: =COUNTBLANK($A84:$K84) > 0 -> FALSE
A85: SKU-012 | B85: Kipas Angin Cosmos 16in | C85: Home & Living | D85: 51 | E85: 30 | F85: 6 | G85: 9 | H85: SUP_HM02 | I85: 45752 | J85: 350000 | K85: 45748 | L85: =COUNTBLANK($A85:$K85) > 0 -> FALSE
A86: SKU-007 | B86: Sepatu Sneakers Nike | C86: Fashion | D86: 17 | E86: 35 | F86: 5 | G86: 5 | H86: SUP_FA02 | I86: 45663 | J86: 1250000 | K86: 45658 | L86: =COUNTBLANK($A86:$K86) > 0 -> FALSE
A87: SKU-015 | B87: Foundation Maybelline Fit | C87: Beauty | D87: 223 | E87: 60 | F87: 4 | G87: 8 | H87: SUP_BT02 | I87: 46108 | J87: 165000 | K87: 46082 | L87: =COUNTBLANK($A87:$K87) > 0 -> FALSE
A88: SKU-005 | B88: Kemeja Formal Pria | C88: Fashion | D88: 34 | E88: 50 | F88: 6 | G88: 6 | H88: SUP_FA01 | I88: 45849 | J88: 350000 | K88: 45839 | L88: =COUNTBLANK($A88:$K88) > 0 -> FALSE
A89: SKU-008 | B89: Tas Ransel Eiger | C89: Fashion | D89: 10 | E89: 40 | F89: 4 | G89: 3 | H89: SUP_FA02 | I89: 46055 | J89: 550000 | K89: 46054 | L89: =COUNTBLANK($A89:$K89) > 0 -> FALSE
A90: SKU-014 | B90: Lipstik Matte Wardah | C90: Beauty | D90: 436 | E90: 80 | F90: 4 | G90: 4 | H90: SUP_BT01 | I90: 45755 | J90: 85000 | K90: 45748 | L90: =COUNTBLANK($A90:$K90) > 0 -> FALSE
A91: SKU-002 | B91: Smartphone Samsung A54 | C91: Electronics | D91: 0 | E91: 25 | F91: 8 | G91: 10 | H91: SUP_EL02 | I91: 46013 | J91: 4500000 | K91: 45992 | L91: =COUNTBLANK($A91:$K91) > 0 -> FALSE
A92: SKU-002 | B92: Smartphone Samsung A54 | C92: Electronics | D92: 20 | E92: 25 | F92: 4 | G92: 19 | H92: SUP_EL02 | I92: 45786 | J92: 4500000 | K92: 45778 | L92: =COUNTBLANK($A92:$K92) > 0 -> FALSE
A93: SKU-010 | B93: Rice Cooker Miyako 1.8L | C93: Home & Living | D93: 42 | E93: 25 | F93: 4 | G93: 8 | H93: SUP_HM01 | I93: 46029 | J93: 450000 | K93: 46023 | L93: =COUNTBLANK($A93:$K93) > 0 -> FALSE
... A122: SKU-007 | B122: Sepatu Sneakers Nike | C122: Fashion | D122: 18 | E122: 35 | F122: 7 | G122: 5 | H122: SUP_FA02 | I122: 45859 | J122: 1250000 | K122: 45839 | L122: =COUNTBLANK($A122:$K122) > 0 -> FALSE
A123: SKU-010 | B123: Rice Cooker Miyako 1.8L | C123: Home & Living | D123: 14 | E123: 25 | F123: 5 | G123: 9 | H123: SUP_HM01 | I123: 45816 | K123: 45809 | L123: =COUNTBLANK($A123:$K123) > 0 -> TRUE
A124: SKU-012 | B124: Kipas Angin Cosmos 16in | C124: Home & Living | D124: 34 | E124: 30 | F124: 5 | G124: 5 | H124: SUP_HM02 | I124: 46007 | J124: 350000 | K124: 45992 | L124: =COUNTBLANK($A124:$K124) > 0 -> FALSE
A125: SKU-006 | B125: Dress Casual Wanita | C125: Fashion | D125: 0 | E125: 45 | F125: 13 | G125: 7 | H125: SUP_FA01 | I125: 46015 | J125: 450000 | K125: 45992 | L125: =COUNTBLANK($A125:$K125) > 0 -> FALSE
A126: SKU-018 | B126: Teh Organik Premium Box | C126: Food & Beverage | D126: 17 | E126: 80 | F126: 11 | G126: 5 | H126: SUP_FB01 | I126: 45882 | J126: 65000 | K126: 45870 | L126: =COUNTBLANK($A126:$K126) > 0 -> FALSE
A127: SKU-019 | B127: Madu Hutan Asli 500ml | C127: Food & Beverage | D127: 0 | E127: 60 | F127: 14 | G127: 4 | H127: SUP_FB02 | I127: 45741 | J127: 175000 | K127: 45717 | L127: =COUNTBLANK($A127:$K127) > 0 -> FALSE
A128: SKU-011 | B128: Vacuum Cleaner Deerma | C128: Home & Living | D128: 13 | E128: 15 | F128: 2 | G128: 7 | H128: SUP_HM02 | I128: 45799 | J128: 1200000 | K128: 45778 | L128: =COUNTBLANK($A128:$K128) > 0 -> FALSE
A129: SKU-018 | B129: Teh Organik Premium Box | C129: Food & Beverage | D129: 9 | E129: 80 | F129: 11 | G129: 4 | H129: SUP_FB01 | I129: 46077 | J129: 65000 | K129: 46054 | L129: =COUNTBLANK($A129:$K129) > 0 -> FALSE
A130: SKU-015 | B130: Foundation Maybelline Fit | C130: Beauty | D130: 202 | E130: 60 | F130: 2 | G130: 4 | H130: SUP_BT02 | I130: 46019 | J130: 165000 | K130: 45992 | L130: =COUNTBLANK($A130:$K130) > 0 -> FALSE
A131: SKU-015 | B131: Foundation Maybelline Fit | C131: Beauty | D131: 252 | E131: 60 | F131: 4 | G131: 7 | H131: SUP_BT02 | I131: 45930 | J131: 165000 | K131: 45901 | L131: =COUNTBLANK($A131:$K131) > 0 -> FALSE
A132: SKU-009 | B132: Blender Philips HR2157 | C132: Home & Living | D132: 20 | E132: 20 | F132: 2 | G132: 7 | H132: SUP_HM01 | I132: 46027 | J132: 750000 | K132: 46023 | L132: =COUNTBLANK($A132:$K132) > 0 -> FALSE
A133: SKU-013 | B133: Skincare Set Whitelab | C133: Beauty | D133: 153 | E133: 40 | F133: 4 | G133: 5 | H133: SUP_BT01 | I133: 46097 | J133: 550000 | K133: 46082 | L133: =COUNTBLANK($A133:$K133) > 0 -> FALSE
A134: SKU-010 | B134: Rice Cooker Miyako 1.8L | C134: Home & Living | D134: 41 | E134: 25 | F134: 4 | G134: 10 | H134: SUP_HM01 | I134: 45801 | J134: 450000 | K134: 45778 | L134: =COUNTBLANK($A134:$K134) > 0 -> FALSE
A135: SKU-014 | B135: Lipstik Matte Wardah | C135: Beauty | D135: 405 | E135: 80 | G135: 5 | H135: SUP_BT01 | I135: 45663 | J135: 85000 | K135: 45658 | L135: =COUNTBLANK($A135:$K135) > 0 -> TRUE
A136: SKU-009 | B136: Blender Philips HR2157 | C136: Home & Living | D136: 32 | E136: 20 | F136: 1 | G136: 8 | H136: SUP_HM01 | I136: 45955 | J136: 750000 | K136: 45931 | L136: =COUNTBLANK($A136:$K136) > 0 -> FALSE
A137: SKU-003 | B137: Headphone Sony WH-1000 | C137: Electronics | D137: 0 | E137: 20 | F137: 3 | G137: 7 | H137: SUP_EL02 | I137: 45919 | J137: 3200000 | K137: 45901 | L137: =COUNTBLANK($A137:$K137) > 0 -> FALSE
A138: SKU-014 | B138: Lipstik Matte Wardah | C138: Beauty | D138: 255 | E138: 80 | F138: 4 | G138: 6 | H138: SUP_BT01 | I138: 46001 | J138: 85000 | K138: 45992 | L138: =COUNTBLANK($A138:$K138) > 0 -> FALSE
A139: SKU-013 | B139: Skincare Set Whitelab | C139: Beauty | D139: 168 | E139: 40 | F139: 3 | G139: 5 | H139: SUP_BT01 | I139: 45709 | J139: 550000 | K139: 45689 | L139: =COUNTBLANK($A139:$K139) > 0 -> FALSE
A140: SKU-010 | B140: Rice Cooker Miyako 1.8L | C140: Home & Living | D140: 58 | E140: 25 | F140: 1 | G140: 10 | H140: SUP_HM01 | I140: 45952 | J140: 450000 | K140: 45931 | L140: =COUNTBLANK($A140:$K140) > 0 -> FALSE
A141: SKU-008 | B141: Tas Ransel Eiger | C141: Fashion | D141: 42 | E141: 40 | F141: 4 | G141: 7 | H141: SUP_FA02 | I141: 45889 | J141: 550000 | K141: 45870 | L141: =COUNTBLANK($A141:$K141) > 0 -> FALSE
A142: SKU-012 | B142: Kipas Angin Cosmos 16in | C142: Home & Living | D142: 35 | E142: 30 | F142: 5 | G142: 6 | H142: SUP_HM02 | I142: 46048 | J142: 350000 | K142: 46023 | L142: =COUNTBLANK($A142:$K142) > 0 -> FALSE
A143: SKU-008 | B143: Tas Ransel Eiger | C143: Fashion | D143: 36 | E143: 40 | F143: 6 | G143: 4 | H143: SUP_FA02 | I143: 46044 | J143: 550000 | K143: 46023 | L143: =COUNTBLANK($A143:$K143) > 0 -> FALSE
A144: SKU-020 | B144: Snack Granola Mix 500g | C144: Food & Beverage | D144: 87 | E144: 120 | F144: 18 | G144: 7 | H144: SUP_FB02 | I144: 45748 | J144: 55000 | K144: 45748 | L144: =COUNTBLANK($A144:$K144) > 0 -> FALSE
A145: SKU-019 | B145: Madu Hutan Asli 500ml | C145: Food & Beverage | D145: 35 | E145: 60 | F145: 6 | G145: 7 | H145: SUP_FB02 | I145: 46221 | J145: 175000 | K145: 46023 | L145: =COUNTBLANK($A145:$K145) > 0 -> FALSE
A146: SKU-011 | B146: Vacuum Cleaner Deerma | C146: Home & Living | D146: 32 | E146: 15 | F146: 1 | G146: 8 | H146: SUP_HM02 | I146: 46079 | J146: 1200000 | K146: 46054 | L146: =COUNTBLANK($A146:$K146) > 0 -> FALSE
A147: SKU-013 | B147: Skincare Set Whitelab | C147: Beauty | D147: 139 | E147: 40 | F147: 2 | G147: 6 | H147: SUP_BT01 | I147: 45845 | J147: 550000 | K147: 45839 | L147: =COUNTBLANK($A147:$K147) > 0 -> FALSE
... A191: SKU-010 | B191: Rice Cooker Miyako 1.8L | C191: Home & Living | D191: 21 | E191: 25 | F191: 3 | G191: 9 | H191: SUP_HM01 | I191: 45854 | J191: 450000 | K191: 45839 | L191: =COUNTBLANK($A191:$K191) > 0 -> FALSE
A192: SKU-019 | B192: Madu Hutan Asli 500ml | C192: Food & Beverage | D192: 12 | E192: 60 | F192: 10 | H192: SUP_FB02 | I192: 45965 | J192: 175000 | K192: 45962 | L192: =COUNTBLANK($A192:$K192) > 0 -> TRUE
A193: SKU-001 | B193: Laptop ASUS Vivobook | C193: Electronics | D193: 17 | E193: 15 | F193: 1 | G193: 6 | H193: SUP_EL01 | I193: 45665 | J193: 8500000 | K193: 45658 | L193: =COUNTBLANK($A193:$K193) > 0 -> FALSE
A194: SKU-019 | B194: Madu Hutan Asli 500ml | C194: Food & Beverage | D194: 34 | E194: 60 | F194: 7 | G194: 6 | H194: SUP_FB02 | I194: 45934 | J194: 175000 | K194: 45931 | L194: =COUNTBLANK($A194:$K194) > 0 -> FALSE
A195: SKU-019 | B195: Madu Hutan Asli 500ml | C195: Food & Beverage | D195: 21 | E195: 60 | F195: 9 | G195: 4 | H195: SUP_FB02 | I195: 46067 | J195: 175000 | K195: 46054 | L195: =COUNTBLANK($A195:$K195) > 0 -> FALSE
A196: SKU-007 | B196: Sepatu Sneakers Nike | C196: Fashion | D196: 0 | E196: 35 | F196: 9 | G196: 6 | H196: SUP_FA02 | I196: 45973 | J196: 1250000 | K196: 45962 | L196: =COUNTBLANK($A196:$K196) > 0 -> FALSE
A197: SKU-013 | B197: Skincare Set Whitelab | C197: Beauty | D197: 150 | E197: 40 | F197: 4 | G197: 4 | H197: SUP_BT01 | I197: 46040 | J197: 550000 | K197: 46023 | L197: =COUNTBLANK($A197:$K197) > 0 -> FALSE
A198: SKU-018 | B198: Teh Organik Premium Box | C198: Food & Beverage | D198: 18 | E198: 80 | F198: 10 | G198: 4 | H198: SUP_FB01 | I198: 46024 | J198: 65000 | K198: 46023 | L198: =COUNTBLANK($A198:$K198) > 0 -> FALSE
A199: SKU-007 | B199: Sepatu Sneakers Nike | C199: Fashion | D199: 27 | E199: 35 | F199: 8 | G199: 6 | H199: SUP_FA02 | I199: 46054 | J199: 1250000 | K199: 46054 | L199: =COUNTBLANK($A199:$K199) > 0 -> FALSE
A200: SKU-012 | B200: Kipas Angin Cosmos 16in | C200: Home & Living | D200: 39 | E200: 30 | F200: 6 | G200: 10 | H200: SUP_HM02 | I200: 45854 | J200: 350000 | K200: 45839 | L200: =COUNTBLANK($A200:$K200) > 0 -> FALSE
A201: SKU-007 | B201: Sepatu Sneakers Nike | C201: Fashion | D201: 10 | E201: 35 | F201: 7 | G201: 3 | H201: SUP_FA02 | I201: 45929 | J201: 1250000 | K201: 45901 | L201: =COUNTBLANK($A201:$K201) > 0 -> FALSE
A202: SKU-003 | B202: Headphone Sony WH-1000 | C202: Electronics | D202: 7 | E202: 20 | F202: 2 | G202: 13 | H202: SUP_EL02 | I202: 45861 | J202: 3200000 | K202: 45839 | L202: =COUNTBLANK($A202:$K202) > 0 -> FALSE
A203: SKU-005 | B203: Kemeja Formal Pria | C203: Fashion | D203: 13 | E203: 50 | F203: 8 | G203: 4 | H203: SUP_FA01 | I203: 45691 | J203: 350000 | K203: 45689 | L203: =COUNTBLANK($A203:$K203) > 0 -> FALSE
A204: SKU-011 | B204: Vacuum Cleaner Deerma | C204: Home & Living | E204: 15 | F204: 2 | G204: 4 | H204: SUP_HM02 | I204: 45688 | J204: 1200000 | K204: 45658 | L204: =COUNTBLANK($A204:$K204) > 0 -> TRUE
A205: SKU-017 | B205: Kopi Arabika 250g Pack | C205: Food & Beverage | D205: 19 | E205: 100 | F205: 16 | G205: 4 | H205: SUP_FB01 | I205: 45965 | J205: 85000 | K205: 45962 | L205: =COUNTBLANK($A205:$K205) > 0 -> FALSE
A206: SKU-017 | B206: Kopi Arabika 250g Pack | C206: Food & Beverage | D206: 36 | E206: 100 | F206: 16 | G206: 5 | H206: SUP_FB01 | I206: 45851 | J206: 85000 | K206: 45839 | L206: =COUNTBLANK($A206:$K206) > 0 -> FALSE
A207: SKU-018 | B207: Teh Organik Premium Box | C207: Food & Beverage | D207: 33 | E207: 80 | F207: 13 | G207: 4 | H207: SUP_FB01 | I207: 45697 | J207: 65000 | K207: 45689 | L207: =COUNTBLANK($A207:$K207) > 0 -> FALSE
A208: SKU-001 | B208: Laptop ASUS Vivobook | C208: Electronics | D208: 0 | E208: 15 | F208: 2 | G208: 8 | H208: SUP_EL01 | I208: 45994 | J208: 8500000 | K208: 45992 | L208: =COUNTBLANK($A208:$K208) > 0 -> FALSE
A209: SKU-004 | B209: Smartwatch Xiaomi Band | C209: Electronics | D209: 34 | E209: 30 | F209: 4 | G209: 5 | H209: SUP_EL01 | I209: 46083 | J209: 1200000 | K209: 46082 | L209: =COUNTBLANK($A209:$K209) > 0 -> FALSE
A210: SKU-014 | B210: Lipstik Matte Wardah | C210: Beauty | D210: 427 | E210: 80 | F210: 2 | G210: 5 | H210: SUP_BT01 | I210: 45838 | J210: 85000 | K210: 45809 | L210: =COUNTBLANK($A210:$K210) > 0 -> FALSE
A211: SKU-019 | B211: Madu Hutan Asli 500ml | C211: Food & Beverage | D211: 14 | E211: 60 | F211: 8 | G211: 6 | H211: SUP_FB02 | I211: 45930 | J211: 175000 | K211: 45901 | L211: =COUNTBLANK($A211:$K211) > 0 -> FALSE
A212: SKU-002 | B212: Smartphone Samsung A54 | C212: Electronics | D212: 32 | E212: 25 | F212: 6 | G212: 17 | H212: SUP_EL02 | I212: 46026 | J212: 4500000 | K212: 46023 | L212: =COUNTBLANK($A212:$K212) > 0 -> FALSE
A213: SKU-016 | B213: Parfum EDT Brasov 100ml | C213: Beauty | E213: 50 | F213: 1 | G213: 7 | H213: SUP_BT02 | I213: 45885 | J213: 125000 | K213: 45870 | L213: =COUNTBLANK($A213:$K213) > 0 -> TRUE
A214: SKU-001 | B214: Laptop ASUS Vivobook | C214: Electronics | D214: 28 | E214: 15 | F214: 1 | G214: 6 | H214: SUP_EL01 | I214: 45800 | J214: 8500000 | K214: 45778 | L214: =COUNTBLANK($A214:$K214) > 0 -> FALSE
A215: SKU-009 | B215: Blender Philips HR2157 | C215: Home & Living | D215: 21 | E215: 20 | F215: 2 | G215: 9 | H215: SUP_HM01 | I215: 45724 | J215: 750000 | K215: 45717 | L215: =COUNTBLANK($A215:$K215) > 0 -> FALSE
A216: SKU-003 | B216: Headphone Sony WH-1000 | C216: Electronics | D216: 12 | E216: 20 | F216: 2 | G216: 16 | H216: SUP_EL02 | I216: 45724 | J216: 3200000 | K216: 45717 | L216: =COUNTBLANK($A216:$K216) > 0 -> FALSE
A217: SKU-020 | B217: Snack Granola Mix 500g | C217: Food & Beverage | D217: 72 | E217: 120 | F217: 18 | G217: 7 | H217: SUP_FB02 | I217: 45815 | J217: 55000 | K217: 45809 | L217: =COUNTBLANK($A217:$K217) > 0 -> FALSE
A218: SKU-011 | B218: Vacuum Cleaner Deerma | C218: Home & Living | D218: 33 | E218: 15 | F218: 2 | G218: 10 | H218: SUP_HM02 | I218: 46032 | J218: 1200000 | K218: 46023 | L218: =COUNTBLANK($A218:$K218) > 0 -> FALSE
A219: SKU-015 | B219: Foundation Maybelline Fit | C219: Beauty | D219: 246 | E219: 60 | F219: 3 | G219: 7 | H219: SUP_BT02 | I219: 46049 | J219: 165000 | K219: 46023 | L219: =COUNTBLANK($A219:$K219) > 0 -> FALSE
A220: SKU-018 | B220: Teh Organik Premium Box | C220: Food & Beverage | D220: 64 | E220: 80 | F220: 13 | G220: 5 | H220: SUP_FB01 | I220: 45970 | J220: 65000 | K220: 45962 | L220: =COUNTBLANK($A220:$K220) > 0 -> FALSE
A221: SKU-010 | B221: Rice Cooker Miyako 1.8L | C221: Home & Living | D221: 37 | E221: 25 | F221: 1 | G221: 9 | H221: SUP_HM01 | I221: 45775 | J221: 450000 | K221: 45748 | L221: =COUNTBLANK($A221:$K221) > 0 -> FALSE
A222: SKU-005 | B222: Kemeja Formal Pria | C222: Fashion | D222: 0 | E222: 50 | F222: 13 | G222: 3 | H222: SUP_FA01 | I222: 45747 | J222: 350000 | K222: 45717 | L222: =COUNTBLANK($A222:$K222) > 0 -> FALSE
A223: SKU-015 | B223: Foundation Maybelline Fit | C223: Beauty | D223: 230 | E223: 60 | F223: 2 | G223: 8 | H223: SUP_BT02 | I223: 45817 | J223: 165000 | K223: 45809 | L223: =COUNTBLANK($A223:$K223) > 0 -> FALSE
A224: SKU-010 | B224: Rice Cooker Miyako 1.8L | C224: Home & Living | D224: 52 | E224: 25 | F224: 4 | G224: 9 | H224: SUP_HM01 | I224: 45671 | J224: 450000 | K224: 45658 | L224: =COUNTBLANK($A224:$K224) > 0 -> FALSE
A225: SKU-009 | B225: Blender Philips HR2157 | C225: Home & Living | D225: 47 | E225: 20 | F225: 4 | G225: 9 | H225: SUP_HM01 | I225: 45909 | J225: 750000 | K225: 45901 | L225: =COUNTBLANK($A225:$K225) > 0 -> FALSE
... A229: SKU-019 | B229: Madu Hutan Asli 500ml | C229: Food & Beverage | D229: 37 | E229: 60 | F229: 8 | G229: 5 | H229: SUP_FB02 | I229: 45795 | J229: 175000 | K229: 45778 | L229: =COUNTBLANK($A229:$K229) > 0 -> FALSE
A230: SKU-005 | B230: Kemeja Formal Pria | C230: Fashion | D230: 49 | E230: 50 | F230: 5 | H230: SUP_FA01 | I230: 45784 | J230: 350000 | K230: 45778 | L230: =COUNTBLANK($A230:$K230) > 0 -> TRUE
A231: SKU-003 | B231: Headphone Sony WH-1000 | C231: Electronics | D231: 22 | E231: 20 | F231: 4 | G231: 8 | H231: SUP_EL02 | I231: 46103 | J231: 3200000 | K231: 46082 | L231: =COUNTBLANK($A231:$K231) > 0 -> FALSE
A232: SKU-017 | B232: Kopi Arabika 250g Pack | C232: Food & Beverage | D232: 58 | E232: 100 | F232: 14 | G232: 3 | H232: SUP_FB01 | I232: 45951 | J232: 85000 | K232: 45931 | L232: =COUNTBLANK($A232:$K232) > 0 -> FALSE
A233: SKU-011 | B233: Vacuum Cleaner Deerma | C233: Home & Living | D233: 14 | E233: 15 | F233: 2 | G233: 5 | H233: SUP_HM02 | I233: 45858 | J233: 1200000 | K233: 45839 | L233: =COUNTBLANK($A233:$K233) > 0 -> FALSE
A234: SKU-003 | B234: Headphone Sony WH-1000 | C234: Electronics | D234: 0 | E234: 20 | F234: 4 | G234: 17 | H234: SUP_EL02 | I234: 45964 | J234: 3200000 | K234: 45962 | L234: =COUNTBLANK($A234:$K234) > 0 -> FALSE
A235: SKU-009 | B235: Blender Philips HR2157 | C235: Home & Living | D235: 26 | E235: 20 | F235: 2 | G235: 10 | H235: SUP_HM01 | I235: 45762 | J235: 750000 | K235: 45748 | L235: =COUNTBLANK($A235:$K235) > 0 -> FALSE
A236: SKU-020 | B236: Snack Granola Mix 500g | C236: Food & Beverage | D236: 12 | E236: 120 | F236: 21 | G236: 5 | H236: SUP_FB02 | I236: 45706 | J236: 55000 | K236: 45689 | L236: =COUNTBLANK($A236:$K236) > 0 -> FALSE
...

Sheet 10 Missing Value
A1: SKU | B1: ProductName | C1: Category | D1: CurrentStock | E1: ReorderPoint | F1: DailySalesAvg | G1: LeadTime | H1: SupplierID | I1: LastRestockDate | J1: UnitPrice | K1: SnapshotDate
A2: SKU-016 | B2: Parfum EDT Brasov 100ml | C2: Beauty | D2: 271 | E2: 50 | F2: 2 | G2: 4 | H2: SUP_BT02 | I2: 45748 | J2: 125000 | K2: 45748
A3: SKU-001 | B3: Laptop ASUS Vivobook | C3: Electronics | D3: 21 | E3: 15 | F3: 4 | G3: 5 | H3: SUP_EL01 | I3: 45942 | J3: 8500000 | K3: 45931
A4: SKU-004 | B4: Smartwatch Xiaomi Band | C4: Electronics | D4: 30 | E4: 30 | F4: 2 | G4: 7 | H4: SUP_EL01 | I4: 46029 | J4: 1200000 | K4: 46023
A5: SKU-005 | B5: Kemeja Formal Pria | C5: Fashion | D5: 25 | E5: 50 | F5: 6 | G5: 3 | H5: SUP_FA01 | I5: 45688 | J5: 350000 | K5: 45658
A6: SKU-002 | B6: Smartphone Samsung A54 | C6: Electronics | D6: 0 | E6: 25 | F6: 7 | G6: 21 | H6: SUP_EL02 | I6: 45978 | J6: 4500000 | K6: 45962
A7: SKU-005 | B7: Kemeja Formal Pria | C7: Fashion | D7: 0 | E7: 50 | F7: 11 | G7: 7 | H7: SUP_FA01 | I7: 45749 | J7: 350000 | K7: 45748
A8: SKU-007 | B8: Sepatu Sneakers Nike | C8: Fashion | D8: 0 | E8: 35 | F8: 8 | G8: 5 | H8: SUP_FA02 | I8: 45774 | J8: 1250000 | K8: 45748
A9: SKU-013 | B9: Skincare Set Whitelab | C9: Beauty | D9: 220 | E9: 40 | F9: 2 | G9: 5 | H9: SUP_BT01 | I9: 45831 | J9: 550000 | K9: 45809
A10: SKU-018 | B10: Teh Organik Premium Box | C10: Food & Beverage | D10: 28 | E10: 80 | F10: 11 | G10: 4 | H10: SUP_FB01 | I10: 45812 | J10: 65000 | K10: 45809
A11: SKU-004 | B11: Smartwatch Xiaomi Band | C11: Electronics | D11: 24 | E11: 30 | F11: 3 | G11: 6 | H11: SUP_EL01 | I11: 45695 | J11: 1200000 | K11: 45689
A12: SKU-006 | B12: Dress Casual Wanita | C12: Fashion | D12: -28 | E12: 45 | F12: 7 | G12: 5 | H12: SUP_FA01 | I12: 45664 | J12: 450000 | K12: 45658
A13: SKU-011 | B13: Vacuum Cleaner Deerma | C13: Home & Living | D13: -18 | E13: 15 | F13: 4 | G13: 6 | H13: SUP_HM02 | I13: 46099 | J13: 1200000 | K13: 46082
... A76: SKU-002 | B76: Smartphone Samsung A54 | C76: Electronics | D76: 42 | E76: 25 | F76: 4 | G76: 19 | H76: SUP_EL02 | I76: 45881 | J76: 4500000 | K76: 45870
A77: SKU-019 | B77: Madu Hutan Asli 500ml | C77: Food & Beverage | D77: 18 | E77: 60 | F77: 8 | G77: 5 | H77: SUP_FB02 | I77: 45712 | K77: 45689
A78: SKU-004 | B78: Smartwatch Xiaomi Band | C78: Electronics | D78: 17 | E78: 30 | F78: 6 | G78: 8 | H78: SUP_EL01 | I78: 45996 | J78: 1200000 | K78: 45992
A79: SKU-016 | B79: Parfum EDT Brasov 100ml | C79: Beauty | D79: 238 | E79: 50 | F79: 2 | G79: 7 | H79: SUP_BT02 | I79: 45671 | J79: 125000 | K79: 45658
A80: SKU-008 | B80: Tas Ransel Eiger | C80: Fashion | D80: 0 | E80: 40 | F80: 10 | G80: 7 | H80: SUP_FA02 | I80: 46109 | J80: 550000 | K80: 46082
A81: SKU-018 | B81: Teh Organik Premium Box | C81: Food & Beverage | E81: 80 | F81: 11 | G81: 4 | H81: SUP_FB01 | I81: 45766 | J81: 65000 | K81: 45748
A82: SKU-017 | B82: Kopi Arabika 250g Pack | C82: Food & Beverage | D82: 26 | E82: 100 | F82: 16 | G82: 4 | H82: SUP_FB01 | I82: 45778 | J82: 85000 | K82: 45778
A83: SKU-014 | B83: Lipstik Matte Wardah | C83: Beauty | D83: 301 | E83: 80 | F83: 3 | G83: 4 | H83: SUP_BT01 | I83: 45936 | J83: 85000 | K83: 45931
A84: SKU-010 | B84: Rice Cooker Miyako 1.8L | C84: Home & Living | D84: 19 | E84: 25 | F84: 4 | G84: 10 | H84: SUP_HM01 | I84: 45729 | J84: 450000 | K84: 45717
A85: SKU-012 | B85: Kipas Angin Cosmos 16in | C85: Home & Living | D85: 51 | E85: 30 | F85: 6 | G85: 9 | H85: SUP_HM02 | I85: 45752 | J85: 350000 | K85: 45748
A86: SKU-007 | B86: Sepatu Sneakers Nike | C86: Fashion | D86: 17 | E86: 35 | F86: 5 | G86: 5 | H86: SUP_FA02 | I86: 45663 | J86: 1250000 | K86: 45658
A87: SKU-015 | B87: Foundation Maybelline Fit | C87: Beauty | D87: 223 | E87: 60 | F87: 4 | G87: 8 | H87: SUP_BT02 | I87: 46108 | J87: 165000 | K87: 46082
A88: SKU-005 | B88: Kemeja Formal Pria | C88: Fashion | D88: 34 | E88: 50 | F88: 6 | G88: 6 | H88: SUP_FA01 | I88: 45849 | J88: 350000 | K88: 45839
A89: SKU-008 | B89: Tas Ransel Eiger | C89: Fashion | D89: 10 | E89: 40 | F89: 4 | G89: 3 | H89: SUP_FA02 | I89: 46055 | J89: 550000 | K89: 46054
A90: SKU-014 | B90: Lipstik Matte Wardah | C90: Beauty | D90: 436 | E90: 80 | F90: 4 | G90: 4 | H90: SUP_BT01 | I90: 45755 | J90: 85000 | K90: 45748
A91: SKU-002 | B91: Smartphone Samsung A54 | C91: Electronics | D91: 0 | E91: 25 | F91: 8 | G91: 10 | H91: SUP_EL02 | I91: 46013 | J91: 4500000 | K91: 45992
A92: SKU-002 | B92: Smartphone Samsung A54 | C92: Electronics | D92: 20 | E92: 25 | F92: 4 | G92: 19 | H92: SUP_EL02 | I92: 45786 | J92: 4500000 | K92: 45778
A93: SKU-010 | B93: Rice Cooker Miyako 1.8L | C93: Home & Living | D93: 42 | E93: 25 | F93: 4 | G93: 8 | H93: SUP_HM01 | I93: 46029 | J93: 450000 | K93: 46023
... A122: SKU-007 | B122: Sepatu Sneakers Nike | C122: Fashion | D122: 18 | E122: 35 | F122: 7 | G122: 5 | H122: SUP_FA02 | I122: 45859 | J122: 1250000 | K122: 45839
A123: SKU-010 | B123: Rice Cooker Miyako 1.8L | C123: Home & Living | D123: 14 | E123: 25 | F123: 5 | G123: 9 | H123: SUP_HM01 | I123: 45816 | K123: 45809
A124: SKU-012 | B124: Kipas Angin Cosmos 16in | C124: Home & Living | D124: 34 | E124: 30 | F124: 5 | G124: 5 | H124: SUP_HM02 | I124: 46007 | J124: 350000 | K124: 45992
A125: SKU-006 | B125: Dress Casual Wanita | C125: Fashion | D125: 0 | E125: 45 | F125: 13 | G125: 7 | H125: SUP_FA01 | I125: 46015 | J125: 450000 | K125: 45992
A126: SKU-018 | B126: Teh Organik Premium Box | C126: Food & Beverage | D126: 17 | E126: 80 | F126: 11 | G126: 5 | H126: SUP_FB01 | I126: 45882 | J126: 65000 | K126: 45870
A127: SKU-019 | B127: Madu Hutan Asli 500ml | C127: Food & Beverage | D127: 0 | E127: 60 | F127: 14 | G127: 4 | H127: SUP_FB02 | I127: 45741 | J127: 175000 | K127: 45717
A128: SKU-011 | B128: Vacuum Cleaner Deerma | C128: Home & Living | D128: 13 | E128: 15 | F128: 2 | G128: 7 | H128: SUP_HM02 | I128: 45799 | J128: 1200000 | K128: 45778
A129: SKU-018 | B129: Teh Organik Premium Box | C129: Food & Beverage | D129: 9 | E129: 80 | F129: 11 | G129: 4 | H129: SUP_FB01 | I129: 46077 | J129: 65000 | K129: 46054
A130: SKU-015 | B130: Foundation Maybelline Fit | C130: Beauty | D130: 202 | E130: 60 | F130: 2 | G130: 4 | H130: SUP_BT02 | I130: 46019 | J130: 165000 | K130: 45992
A131: SKU-015 | B131: Foundation Maybelline Fit | C131: Beauty | D131: 252 | E131: 60 | F131: 4 | G131: 7 | H131: SUP_BT02 | I131: 45930 | J131: 165000 | K131: 45901
A132: SKU-009 | B132: Blender Philips HR2157 | C132: Home & Living | D132: 20 | E132: 20 | F132: 2 | G132: 7 | H132: SUP_HM01 | I132: 46027 | J132: 750000 | K132: 46023
A133: SKU-013 | B133: Skincare Set Whitelab | C133: Beauty | D133: 153 | E133: 40 | F133: 4 | G133: 5 | H133: SUP_BT01 | I133: 46097 | J133: 550000 | K133: 46082
A134: SKU-010 | B134: Rice Cooker Miyako 1.8L | C134: Home & Living | D134: 41 | E134: 25 | F134: 4 | G134: 10 | H134: SUP_HM01 | I134: 45801 | J134: 450000 | K134: 45778
A135: SKU-014 | B135: Lipstik Matte Wardah | C135: Beauty | D135: 405 | E135: 80 | G135: 5 | H135: SUP_BT01 | I135: 45663 | J135: 85000 | K135: 45658
A136: SKU-009 | B136: Blender Philips HR2157 | C136: Home & Living | D136: 32 | E136: 20 | F136: 1 | G136: 8 | H136: SUP_HM01 | I136: 45955 | J136: 750000 | K136: 45931
A137: SKU-003 | B137: Headphone Sony WH-1000 | C137: Electronics | D137: 0 | E137: 20 | F137: 3 | G137: 7 | H137: SUP_EL02 | I137: 45919 | J137: 3200000 | K137: 45901
A138: SKU-014 | B138: Lipstik Matte Wardah | C138: Beauty | D138: 255 | E138: 80 | F138: 4 | G138: 6 | H138: SUP_BT01 | I138: 46001 | J138: 85000 | K138: 45992
A139: SKU-013 | B139: Skincare Set Whitelab | C139: Beauty | D139: 168 | E139: 40 | F139: 3 | G139: 5 | H139: SUP_BT01 | I139: 45709 | J139: 550000 | K139: 45689
A140: SKU-010 | B140: Rice Cooker Miyako 1.8L | C140: Home & Living | D140: 58 | E140: 25 | F140: 1 | G140: 10 | H140: SUP_HM01 | I140: 45952 | J140: 450000 | K140: 45931
A141: SKU-008 | B141: Tas Ransel Eiger | C141: Fashion | D141: 42 | E141: 40 | F141: 4 | G141: 7 | H141: SUP_FA02 | I141: 45889 | J141: 550000 | K141: 45870
A142: SKU-012 | B142: Kipas Angin Cosmos 16in | C142: Home & Living | D142: 35 | E142: 30 | F142: 5 | G142: 6 | H142: SUP_HM02 | I142: 46048 | J142: 350000 | K142: 46023
A143: SKU-008 | B143: Tas Ransel Eiger | C143: Fashion | D143: 36 | E143: 40 | F143: 6 | G143: 4 | H143: SUP_FA02 | I143: 46044 | J143: 550000 | K143: 46023
A144: SKU-020 | B144: Snack Granola Mix 500g | C144: Food & Beverage | D144: 87 | E144: 120 | F144: 18 | G144: 7 | H144: SUP_FB02 | I144: 45748 | J144: 55000 | K144: 45748
A145: SKU-019 | B145: Madu Hutan Asli 500ml | C145: Food & Beverage | D145: 35 | E145: 60 | F145: 6 | G145: 7 | H145: SUP_FB02 | I145: 46221 | J145: 175000 | K145: 46023
A146: SKU-011 | B146: Vacuum Cleaner Deerma | C146: Home & Living | D146: 32 | E146: 15 | F146: 1 | G146: 8 | H146: SUP_HM02 | I146: 46079 | J146: 1200000 | K146: 46054
A147: SKU-013 | B147: Skincare Set Whitelab | C147: Beauty | D147: 139 | E147: 40 | F147: 2 | G147: 6 | H147: SUP_BT01 | I147: 45845 | J147: 550000 | K147: 45839
... A191: SKU-010 | B191: Rice Cooker Miyako 1.8L | C191: Home & Living | D191: 21 | E191: 25 | F191: 3 | G191: 9 | H191: SUP_HM01 | I191: 45854 | J191: 450000 | K191: 45839
A192: SKU-019 | B192: Madu Hutan Asli 500ml | C192: Food & Beverage | D192: 12 | E192: 60 | F192: 10 | H192: SUP_FB02 | I192: 45965 | J192: 175000 | K192: 45962
A193: SKU-001 | B193: Laptop ASUS Vivobook | C193: Electronics | D193: 17 | E193: 15 | F193: 1 | G193: 6 | H193: SUP_EL01 | I193: 45665 | J193: 8500000 | K193: 45658
A194: SKU-019 | B194: Madu Hutan Asli 500ml | C194: Food & Beverage | D194: 34 | E194: 60 | F194: 7 | G194: 6 | H194: SUP_FB02 | I194: 45934 | J194: 175000 | K194: 45931
A195: SKU-019 | B195: Madu Hutan Asli 500ml | C195: Food & Beverage | D195: 21 | E195: 60 | F195: 9 | G195: 4 | H195: SUP_FB02 | I195: 46067 | J195: 175000 | K195: 46054
A196: SKU-007 | B196: Sepatu Sneakers Nike | C196: Fashion | D196: 0 | E196: 35 | F196: 9 | G196: 6 | H196: SUP_FA02 | I196: 45973 | J196: 1250000 | K196: 45962
A197: SKU-013 | B197: Skincare Set Whitelab | C197: Beauty | D197: 150 | E197: 40 | F197: 4 | G197: 4 | H197: SUP_BT01 | I197: 46040 | J197: 550000 | K197: 46023
A198: SKU-018 | B198: Teh Organik Premium Box | C198: Food & Beverage | D198: 18 | E198: 80 | F198: 10 | G198: 4 | H198: SUP_FB01 | I198: 46024 | J198: 65000 | K198: 46023
A199: SKU-007 | B199: Sepatu Sneakers Nike | C199: Fashion | D199: 27 | E199: 35 | F199: 8 | G199: 6 | H199: SUP_FA02 | I199: 46054 | J199: 1250000 | K199: 46054
A200: SKU-012 | B200: Kipas Angin Cosmos 16in | C200: Home & Living | D200: 39 | E200: 30 | F200: 6 | G200: 10 | H200: SUP_HM02 | I200: 45854 | J200: 350000 | K200: 45839
A201: SKU-007 | B201: Sepatu Sneakers Nike | C201: Fashion | D201: 10 | E201: 35 | F201: 7 | G201: 3 | H201: SUP_FA02 | I201: 45929 | J201: 1250000 | K201: 45901
A202: SKU-003 | B202: Headphone Sony WH-1000 | C202: Electronics | D202: 7 | E202: 20 | F202: 2 | G202: 13 | H202: SUP_EL02 | I202: 45861 | J202: 3200000 | K202: 45839
A203: SKU-005 | B203: Kemeja Formal Pria | C203: Fashion | D203: 13 | E203: 50 | F203: 8 | G203: 4 | H203: SUP_FA01 | I203: 45691 | J203: 350000 | K203: 45689
A204: SKU-011 | B204: Vacuum Cleaner Deerma | C204: Home & Living | E204: 15 | F204: 2 | G204: 4 | H204: SUP_HM02 | I204: 45688 | J204: 1200000 | K204: 45658
A205: SKU-017 | B205: Kopi Arabika 250g Pack | C205: Food & Beverage | D205: 19 | E205: 100 | F205: 16 | G205: 4 | H205: SUP_FB01 | I205: 45965 | J205: 85000 | K205: 45962
A206: SKU-017 | B206: Kopi Arabika 250g Pack | C206: Food & Beverage | D206: 36 | E206: 100 | F206: 16 | G206: 5 | H206: SUP_FB01 | I206: 45851 | J206: 85000 | K206: 45839
A207: SKU-018 | B207: Teh Organik Premium Box | C207: Food & Beverage | D207: 33 | E207: 80 | F207: 13 | G207: 4 | H207: SUP_FB01 | I207: 45697 | J207: 65000 | K207: 45689
A208: SKU-001 | B208: Laptop ASUS Vivobook | C208: Electronics | D208: 0 | E208: 15 | F208: 2 | G208: 8 | H208: SUP_EL01 | I208: 45994 | J208: 8500000 | K208: 45992
A209: SKU-004 | B209: Smartwatch Xiaomi Band | C209: Electronics | D209: 34 | E209: 30 | F209: 4 | G209: 5 | H209: SUP_EL01 | I209: 46083 | J209: 1200000 | K209: 46082
A210: SKU-014 | B210: Lipstik Matte Wardah | C210: Beauty | D210: 427 | E210: 80 | F210: 2 | G210: 5 | H210: SUP_BT01 | I210: 45838 | J210: 85000 | K210: 45809
A211: SKU-019 | B211: Madu Hutan Asli 500ml | C211: Food & Beverage | D211: 14 | E211: 60 | F211: 8 | G211: 6 | H211: SUP_FB02 | I211: 45930 | J211: 175000 | K211: 45901
A212: SKU-002 | B212: Smartphone Samsung A54 | C212: Electronics | D212: 32 | E212: 25 | F212: 6 | G212: 17 | H212: SUP_EL02 | I212: 46026 | J212: 4500000 | K212: 46023
A213: SKU-016 | B213: Parfum EDT Brasov 100ml | C213: Beauty | E213: 50 | F213: 1 | G213: 7 | H213: SUP_BT02 | I213: 45885 | J213: 125000 | K213: 45870
A214: SKU-001 | B214: Laptop ASUS Vivobook | C214: Electronics | D214: 28 | E214: 15 | F214: 1 | G214: 6 | H214: SUP_EL01 | I214: 45800 | J214: 8500000 | K214: 45778
A215: SKU-009 | B215: Blender Philips HR2157 | C215: Home & Living | D215: 21 | E215: 20 | F215: 2 | G215: 9 | H215: SUP_HM01 | I215: 45724 | J215: 750000 | K215: 45717
A216: SKU-003 | B216: Headphone Sony WH-1000 | C216: Electronics | D216: 12 | E216: 20 | F216: 2 | G216: 16 | H216: SUP_EL02 | I216: 45724 | J216: 3200000 | K216: 45717
A217: SKU-020 | B217: Snack Granola Mix 500g | C217: Food & Beverage | D217: 72 | E217: 120 | F217: 18 | G217: 7 | H217: SUP_FB02 | I217: 45815 | J217: 55000 | K217: 45809
A218: SKU-011 | B218: Vacuum Cleaner Deerma | C218: Home & Living | D218: 33 | E218: 15 | F218: 2 | G218: 10 | H218: SUP_HM02 | I218: 46032 | J218: 1200000 | K218: 46023
A219: SKU-015 | B219: Foundation Maybelline Fit | C219: Beauty | D219: 246 | E219: 60 | F219: 3 | G219: 7 | H219: SUP_BT02 | I219: 46049 | J219: 165000 | K219: 46023
A220: SKU-018 | B220: Teh Organik Premium Box | C220: Food & Beverage | D220: 64 | E220: 80 | F220: 13 | G220: 5 | H220: SUP_FB01 | I220: 45970 | J220: 65000 | K220: 45962
A221: SKU-010 | B221: Rice Cooker Miyako 1.8L | C221: Home & Living | D221: 37 | E221: 25 | F221: 1 | G221: 9 | H221: SUP_HM01 | I221: 45775 | J221: 450000 | K221: 45748
A222: SKU-005 | B222: Kemeja Formal Pria | C222: Fashion | D222: 0 | E222: 50 | F222: 13 | G222: 3 | H222: SUP_FA01 | I222: 45747 | J222: 350000 | K222: 45717
A223: SKU-015 | B223: Foundation Maybelline Fit | C223: Beauty | D223: 230 | E223: 60 | F223: 2 | G223: 8 | H223: SUP_BT02 | I223: 45817 | J223: 165000 | K223: 45809
A224: SKU-010 | B224: Rice Cooker Miyako 1.8L | C224: Home & Living | D224: 52 | E224: 25 | F224: 4 | G224: 9 | H224: SUP_HM01 | I224: 45671 | J224: 450000 | K224: 45658
A225: SKU-009 | B225: Blender Philips HR2157 | C225: Home & Living | D225: 47 | E225: 20 | F225: 4 | G225: 9 | H225: SUP_HM01 | I225: 45909 | J225: 750000 | K225: 45901
... A229: SKU-019 | B229: Madu Hutan Asli 500ml | C229: Food & Beverage | D229: 37 | E229: 60 | F229: 8 | G229: 5 | H229: SUP_FB02 | I229: 45795 | J229: 175000 | K229: 45778
A230: SKU-005 | B230: Kemeja Formal Pria | C230: Fashion | D230: 49 | E230: 50 | F230: 5 | H230: SUP_FA01 | I230: 45784 | J230: 350000 | K230: 45778
A231: SKU-003 | B231: Headphone Sony WH-1000 | C231: Electronics | D231: 22 | E231: 20 | F231: 4 | G231: 8 | H231: SUP_EL02 | I231: 46103 | J231: 3200000 | K231: 46082
A232: SKU-017 | B232: Kopi Arabika 250g Pack | C232: Food & Beverage | D232: 58 | E232: 100 | F232: 14 | G232: 3 | H232: SUP_FB01 | I232: 45951 | J232: 85000 | K232: 45931
A233: SKU-011 | B233: Vacuum Cleaner Deerma | C233: Home & Living | D233: 14 | E233: 15 | F233: 2 | G233: 5 | H233: SUP_HM02 | I233: 45858 | J233: 1200000 | K233: 45839
A234: SKU-003 | B234: Headphone Sony WH-1000 | C234: Electronics | D234: 0 | E234: 20 | F234: 4 | G234: 17 | H234: SUP_EL02 | I234: 45964 | J234: 3200000 | K234: 45962
A235: SKU-009 | B235: Blender Philips HR2157 | C235: Home & Living | D235: 26 | E235: 20 | F235: 2 | G235: 10 | H235: SUP_HM01 | I235: 45762 | J235: 750000 | K235: 45748
A236: SKU-020 | B236: Snack Granola Mix 500g | C236: Food & Beverage | D236: 12 | E236: 120 | F236: 21 | G236: 5 | H236: SUP_FB02 | I236: 45706 | J236: 55000 | K236: 45689
...

Sheet 6 Future Dates (Live)
A1: SKU | B1: ProductName | C1: Category | D1: CurrentStock | E1: ReorderPoint | F1: DailySalesAvg | G1: LeadTime | H1: SupplierID | I1: LastRestockDate | J1: UnitPrice | K1: SnapshotDate
A2: SKU-016 | B2: Parfum EDT Brasov 100ml | C2: Beauty | D2: 271 | E2: 50 | F2: 2 | G2: 4 | H2: SUP_BT02 | I2: 45748 | J2: 125000 | K2: 45748
A3: SKU-001 | B3: Laptop ASUS Vivobook | C3: Electronics | D3: 21 | E3: 15 | F3: 4 | G3: 5 | H3: SUP_EL01 | I3: 45942 | J3: 8500000 | K3: 45931
A4: SKU-004 | B4: Smartwatch Xiaomi Band | C4: Electronics | D4: 30 | E4: 30 | F4: 2 | G4: 7 | H4: SUP_EL01 | I4: 46029 | J4: 1200000 | K4: 46023
A5: SKU-005 | B5: Kemeja Formal Pria | C5: Fashion | D5: 25 | E5: 50 | F5: 6 | G5: 3 | H5: SUP_FA01 | I5: 45688 | J5: 350000 | K5: 45658
A6: SKU-002 | B6: Smartphone Samsung A54 | C6: Electronics | D6: 0 | E6: 25 | F6: 7 | G6: 21 | H6: SUP_EL02 | I6: 45978 | J6: 4500000 | K6: 45962
A7: SKU-005 | B7: Kemeja Formal Pria | C7: Fashion | D7: 0 | E7: 50 | F7: 11 | G7: 7 | H7: SUP_FA01 | I7: 45749 | J7: 350000 | K7: 45748
A8: SKU-007 | B8: Sepatu Sneakers Nike | C8: Fashion | D8: 0 | E8: 35 | F8: 8 | G8: 5 | H8: SUP_FA02 | I8: 45774 | J8: 1250000 | K8: 45748
A9: SKU-013 | B9: Skincare Set Whitelab | C9: Beauty | D9: 220 | E9: 40 | F9: 2 | G9: 5 | H9: SUP_BT01 | I9: 45831 | J9: 550000 | K9: 45809
A10: SKU-018 | B10: Teh Organik Premium Box | C10: Food & Beverage | D10: 28 | E10: 80 | F10: 11 | G10: 4 | H10: SUP_FB01 | I10: 45812 | J10: 65000 | K10: 45809
A11: SKU-004 | B11: Smartwatch Xiaomi Band | C11: Electronics | D11: 24 | E11: 30 | F11: 3 | G11: 6 | H11: SUP_EL01 | I11: 45695 | J11: 1200000 | K11: 45689
A12: SKU-006 | B12: Dress Casual Wanita | C12: Fashion | D12: -28 | E12: 45 | F12: 7 | G12: 5 | H12: SUP_FA01 | I12: 45664 | J12: 450000 | K12: 45658
A13: SKU-011 | B13: Vacuum Cleaner Deerma | C13: Home & Living | D13: -18 | E13: 15 | F13: 4 | G13: 6 | H13: SUP_HM02 | I13: 46099 | J13: 1200000 | K13: 46082
... A76: SKU-002 | B76: Smartphone Samsung A54 | C76: Electronics | D76: 42 | E76: 25 | F76: 4 | G76: 19 | H76: SUP_EL02 | I76: 45881 | J76: 4500000 | K76: 45870
A77: SKU-019 | B77: Madu Hutan Asli 500ml | C77: Food & Beverage | D77: 18 | E77: 60 | F77: 8 | G77: 5 | H77: SUP_FB02 | I77: 45712 | K77: 45689
A78: SKU-004 | B78: Smartwatch Xiaomi Band | C78: Electronics | D78: 17 | E78: 30 | F78: 6 | G78: 8 | H78: SUP_EL01 | I78: 45996 | J78: 1200000 | K78: 45992
A79: SKU-016 | B79: Parfum EDT Brasov 100ml | C79: Beauty | D79: 238 | E79: 50 | F79: 2 | G79: 7 | H79: SUP_BT02 | I79: 45671 | J79: 125000 | K79: 45658
A80: SKU-008 | B80: Tas Ransel Eiger | C80: Fashion | D80: 0 | E80: 40 | F80: 10 | G80: 7 | H80: SUP_FA02 | I80: 46109 | J80: 550000 | K80: 46082
A81: SKU-018 | B81: Teh Organik Premium Box | C81: Food & Beverage | E81: 80 | F81: 11 | G81: 4 | H81: SUP_FB01 | I81: 45766 | J81: 65000 | K81: 45748
A82: SKU-017 | B82: Kopi Arabika 250g Pack | C82: Food & Beverage | D82: 26 | E82: 100 | F82: 16 | G82: 4 | H82: SUP_FB01 | I82: 45778 | J82: 85000 | K82: 45778
A83: SKU-014 | B83: Lipstik Matte Wardah | C83: Beauty | D83: 301 | E83: 80 | F83: 3 | G83: 4 | H83: SUP_BT01 | I83: 45936 | J83: 85000 | K83: 45931
A84: SKU-010 | B84: Rice Cooker Miyako 1.8L | C84: Home & Living | D84: 19 | E84: 25 | F84: 4 | G84: 10 | H84: SUP_HM01 | I84: 45729 | J84: 450000 | K84: 45717
A85: SKU-012 | B85: Kipas Angin Cosmos 16in | C85: Home & Living | D85: 51 | E85: 30 | F85: 6 | G85: 9 | H85: SUP_HM02 | I85: 45752 | J85: 350000 | K85: 45748
A86: SKU-007 | B86: Sepatu Sneakers Nike | C86: Fashion | D86: 17 | E86: 35 | F86: 5 | G86: 5 | H86: SUP_FA02 | I86: 45663 | J86: 1250000 | K86: 45658
A87: SKU-015 | B87: Foundation Maybelline Fit | C87: Beauty | D87: 223 | E87: 60 | F87: 4 | G87: 8 | H87: SUP_BT02 | I87: 46108 | J87: 165000 | K87: 46082
A88: SKU-005 | B88: Kemeja Formal Pria | C88: Fashion | D88: 34 | E88: 50 | F88: 6 | G88: 6 | H88: SUP_FA01 | I88: 45849 | J88: 350000 | K88: 45839
A89: SKU-008 | B89: Tas Ransel Eiger | C89: Fashion | D89: 10 | E89: 40 | F89: 4 | G89: 3 | H89: SUP_FA02 | I89: 46055 | J89: 550000 | K89: 46054
A90: SKU-014 | B90: Lipstik Matte Wardah | C90: Beauty | D90: 436 | E90: 80 | F90: 4 | G90: 4 | H90: SUP_BT01 | I90: 45755 | J90: 85000 | K90: 45748
A91: SKU-002 | B91: Smartphone Samsung A54 | C91: Electronics | D91: 0 | E91: 25 | F91: 8 | G91: 10 | H91: SUP_EL02 | I91: 46013 | J91: 4500000 | K91: 45992
A92: SKU-002 | B92: Smartphone Samsung A54 | C92: Electronics | D92: 20 | E92: 25 | F92: 4 | G92: 19 | H92: SUP_EL02 | I92: 45786 | J92: 4500000 | K92: 45778
A93: SKU-010 | B93: Rice Cooker Miyako 1.8L | C93: Home & Living | D93: 42 | E93: 25 | F93: 4 | G93: 8 | H93: SUP_HM01 | I93: 46029 | J93: 450000 | K93: 46023
... A122: SKU-007 | B122: Sepatu Sneakers Nike | C122: Fashion | D122: 18 | E122: 35 | F122: 7 | G122: 5 | H122: SUP_FA02 | I122: 45859 | J122: 1250000 | K122: 45839
A123: SKU-010 | B123: Rice Cooker Miyako 1.8L | C123: Home & Living | D123: 14 | E123: 25 | F123: 5 | G123: 9 | H123: SUP_HM01 | I123: 45816 | K123: 45809
A124: SKU-012 | B124: Kipas Angin Cosmos 16in | C124: Home & Living | D124: 34 | E124: 30 | F124: 5 | G124: 5 | H124: SUP_HM02 | I124: 46007 | J124: 350000 | K124: 45992
A125: SKU-006 | B125: Dress Casual Wanita | C125: Fashion | D125: 0 | E125: 45 | F125: 13 | G125: 7 | H125: SUP_FA01 | I125: 46015 | J125: 450000 | K125: 45992
A126: SKU-018 | B126: Teh Organik Premium Box | C126: Food & Beverage | D126: 17 | E126: 80 | F126: 11 | G126: 5 | H126: SUP_FB01 | I126: 45882 | J126: 65000 | K126: 45870
A127: SKU-019 | B127: Madu Hutan Asli 500ml | C127: Food & Beverage | D127: 0 | E127: 60 | F127: 14 | G127: 4 | H127: SUP_FB02 | I127: 45741 | J127: 175000 | K127: 45717
A128: SKU-011 | B128: Vacuum Cleaner Deerma | C128: Home & Living | D128: 13 | E128: 15 | F128: 2 | G128: 7 | H128: SUP_HM02 | I128: 45799 | J128: 1200000 | K128: 45778
A129: SKU-018 | B129: Teh Organik Premium Box | C129: Food & Beverage | D129: 9 | E129: 80 | F129: 11 | G129: 4 | H129: SUP_FB01 | I129: 46077 | J129: 65000 | K129: 46054
A130: SKU-015 | B130: Foundation Maybelline Fit | C130: Beauty | D130: 202 | E130: 60 | F130: 2 | G130: 4 | H130: SUP_BT02 | I130: 46019 | J130: 165000 | K130: 45992
A131: SKU-015 | B131: Foundation Maybelline Fit | C131: Beauty | D131: 252 | E131: 60 | F131: 4 | G131: 7 | H131: SUP_BT02 | I131: 45930 | J131: 165000 | K131: 45901
A132: SKU-009 | B132: Blender Philips HR2157 | C132: Home & Living | D132: 20 | E132: 20 | F132: 2 | G132: 7 | H132: SUP_HM01 | I132: 46027 | J132: 750000 | K132: 46023
A133: SKU-013 | B133: Skincare Set Whitelab | C133: Beauty | D133: 153 | E133: 40 | F133: 4 | G133: 5 | H133: SUP_BT01 | I133: 46097 | J133: 550000 | K133: 46082
A134: SKU-010 | B134: Rice Cooker Miyako 1.8L | C134: Home & Living | D134: 41 | E134: 25 | F134: 4 | G134: 10 | H134: SUP_HM01 | I134: 45801 | J134: 450000 | K134: 45778
A135: SKU-014 | B135: Lipstik Matte Wardah | C135: Beauty | D135: 405 | E135: 80 | G135: 5 | H135: SUP_BT01 | I135: 45663 | J135: 85000 | K135: 45658
A136: SKU-009 | B136: Blender Philips HR2157 | C136: Home & Living | D136: 32 | E136: 20 | F136: 1 | G136: 8 | H136: SUP_HM01 | I136: 45955 | J136: 750000 | K136: 45931
A137: SKU-003 | B137: Headphone Sony WH-1000 | C137: Electronics | D137: 0 | E137: 20 | F137: 3 | G137: 7 | H137: SUP_EL02 | I137: 45919 | J137: 3200000 | K137: 45901
A138: SKU-014 | B138: Lipstik Matte Wardah | C138: Beauty | D138: 255 | E138: 80 | F138: 4 | G138: 6 | H138: SUP_BT01 | I138: 46001 | J138: 85000 | K138: 45992
A139: SKU-013 | B139: Skincare Set Whitelab | C139: Beauty | D139: 168 | E139: 40 | F139: 3 | G139: 5 | H139: SUP_BT01 | I139: 45709 | J139: 550000 | K139: 45689
A140: SKU-010 | B140: Rice Cooker Miyako 1.8L | C140: Home & Living | D140: 58 | E140: 25 | F140: 1 | G140: 10 | H140: SUP_HM01 | I140: 45952 | J140: 450000 | K140: 45931
A141: SKU-008 | B141: Tas Ransel Eiger | C141: Fashion | D141: 42 | E141: 40 | F141: 4 | G141: 7 | H141: SUP_FA02 | I141: 45889 | J141: 550000 | K141: 45870
A142: SKU-012 | B142: Kipas Angin Cosmos 16in | C142: Home & Living | D142: 35 | E142: 30 | F142: 5 | G142: 6 | H142: SUP_HM02 | I142: 46048 | J142: 350000 | K142: 46023
A143: SKU-008 | B143: Tas Ransel Eiger | C143: Fashion | D143: 36 | E143: 40 | F143: 6 | G143: 4 | H143: SUP_FA02 | I143: 46044 | J143: 550000 | K143: 46023
A144: SKU-020 | B144: Snack Granola Mix 500g | C144: Food & Beverage | D144: 87 | E144: 120 | F144: 18 | G144: 7 | H144: SUP_FB02 | I144: 45748 | J144: 55000 | K144: 45748
A145: SKU-019 | B145: Madu Hutan Asli 500ml | C145: Food & Beverage | D145: 35 | E145: 60 | F145: 6 | G145: 7 | H145: SUP_FB02 | I145: 46221 | J145: 175000 | K145: 46023
A146: SKU-011 | B146: Vacuum Cleaner Deerma | C146: Home & Living | D146: 32 | E146: 15 | F146: 1 | G146: 8 | H146: SUP_HM02 | I146: 46079 | J146: 1200000 | K146: 46054
A147: SKU-013 | B147: Skincare Set Whitelab | C147: Beauty | D147: 139 | E147: 40 | F147: 2 | G147: 6 | H147: SUP_BT01 | I147: 45845 | J147: 550000 | K147: 45839
... A191: SKU-010 | B191: Rice Cooker Miyako 1.8L | C191: Home & Living | D191: 21 | E191: 25 | F191: 3 | G191: 9 | H191: SUP_HM01 | I191: 45854 | J191: 450000 | K191: 45839
A192: SKU-019 | B192: Madu Hutan Asli 500ml | C192: Food & Beverage | D192: 12 | E192: 60 | F192: 10 | H192: SUP_FB02 | I192: 45965 | J192: 175000 | K192: 45962
A193: SKU-001 | B193: Laptop ASUS Vivobook | C193: Electronics | D193: 17 | E193: 15 | F193: 1 | G193: 6 | H193: SUP_EL01 | I193: 45665 | J193: 8500000 | K193: 45658
A194: SKU-019 | B194: Madu Hutan Asli 500ml | C194: Food & Beverage | D194: 34 | E194: 60 | F194: 7 | G194: 6 | H194: SUP_FB02 | I194: 45934 | J194: 175000 | K194: 45931
A195: SKU-019 | B195: Madu Hutan Asli 500ml | C195: Food & Beverage | D195: 21 | E195: 60 | F195: 9 | G195: 4 | H195: SUP_FB02 | I195: 46067 | J195: 175000 | K195: 46054
A196: SKU-007 | B196: Sepatu Sneakers Nike | C196: Fashion | D196: 0 | E196: 35 | F196: 9 | G196: 6 | H196: SUP_FA02 | I196: 45973 | J196: 1250000 | K196: 45962
A197: SKU-013 | B197: Skincare Set Whitelab | C197: Beauty | D197: 150 | E197: 40 | F197: 4 | G197: 4 | H197: SUP_BT01 | I197: 46040 | J197: 550000 | K197: 46023
A198: SKU-018 | B198: Teh Organik Premium Box | C198: Food & Beverage | D198: 18 | E198: 80 | F198: 10 | G198: 4 | H198: SUP_FB01 | I198: 46024 | J198: 65000 | K198: 46023
A199: SKU-007 | B199: Sepatu Sneakers Nike | C199: Fashion | D199: 27 | E199: 35 | F199: 8 | G199: 6 | H199: SUP_FA02 | I199: 46054 | J199: 1250000 | K199: 46054
A200: SKU-012 | B200: Kipas Angin Cosmos 16in | C200: Home & Living | D200: 39 | E200: 30 | F200: 6 | G200: 10 | H200: SUP_HM02 | I200: 45854 | J200: 350000 | K200: 45839
A201: SKU-007 | B201: Sepatu Sneakers Nike | C201: Fashion | D201: 10 | E201: 35 | F201: 7 | G201: 3 | H201: SUP_FA02 | I201: 45929 | J201: 1250000 | K201: 45901
A202: SKU-003 | B202: Headphone Sony WH-1000 | C202: Electronics | D202: 7 | E202: 20 | F202: 2 | G202: 13 | H202: SUP_EL02 | I202: 45861 | J202: 3200000 | K202: 45839
A203: SKU-005 | B203: Kemeja Formal Pria | C203: Fashion | D203: 13 | E203: 50 | F203: 8 | G203: 4 | H203: SUP_FA01 | I203: 45691 | J203: 350000 | K203: 45689
A204: SKU-011 | B204: Vacuum Cleaner Deerma | C204: Home & Living | E204: 15 | F204: 2 | G204: 4 | H204: SUP_HM02 | I204: 45688 | J204: 1200000 | K204: 45658
A205: SKU-017 | B205: Kopi Arabika 250g Pack | C205: Food & Beverage | D205: 19 | E205: 100 | F205: 16 | G205: 4 | H205: SUP_FB01 | I205: 45965 | J205: 85000 | K205: 45962
A206: SKU-017 | B206: Kopi Arabika 250g Pack | C206: Food & Beverage | D206: 36 | E206: 100 | F206: 16 | G206: 5 | H206: SUP_FB01 | I206: 45851 | J206: 85000 | K206: 45839
A207: SKU-018 | B207: Teh Organik Premium Box | C207: Food & Beverage | D207: 33 | E207: 80 | F207: 13 | G207: 4 | H207: SUP_FB01 | I207: 45697 | J207: 65000 | K207: 45689
A208: SKU-001 | B208: Laptop ASUS Vivobook | C208: Electronics | D208: 0 | E208: 15 | F208: 2 | G208: 8 | H208: SUP_EL01 | I208: 45994 | J208: 8500000 | K208: 45992
A209: SKU-004 | B209: Smartwatch Xiaomi Band | C209: Electronics | D209: 34 | E209: 30 | F209: 4 | G209: 5 | H209: SUP_EL01 | I209: 46083 | J209: 1200000 | K209: 46082
A210: SKU-014 | B210: Lipstik Matte Wardah | C210: Beauty | D210: 427 | E210: 80 | F210: 2 | G210: 5 | H210: SUP_BT01 | I210: 45838 | J210: 85000 | K210: 45809
A211: SKU-019 | B211: Madu Hutan Asli 500ml | C211: Food & Beverage | D211: 14 | E211: 60 | F211: 8 | G211: 6 | H211: SUP_FB02 | I211: 45930 | J211: 175000 | K211: 45901
A212: SKU-002 | B212: Smartphone Samsung A54 | C212: Electronics | D212: 32 | E212: 25 | F212: 6 | G212: 17 | H212: SUP_EL02 | I212: 46026 | J212: 4500000 | K212: 46023
A213: SKU-016 | B213: Parfum EDT Brasov 100ml | C213: Beauty | E213: 50 | F213: 1 | G213: 7 | H213: SUP_BT02 | I213: 45885 | J213: 125000 | K213: 45870
A214: SKU-001 | B214: Laptop ASUS Vivobook | C214: Electronics | D214: 28 | E214: 15 | F214: 1 | G214: 6 | H214: SUP_EL01 | I214: 45800 | J214: 8500000 | K214: 45778
A215: SKU-009 | B215: Blender Philips HR2157 | C215: Home & Living | D215: 21 | E215: 20 | F215: 2 | G215: 9 | H215: SUP_HM01 | I215: 45724 | J215: 750000 | K215: 45717
A216: SKU-003 | B216: Headphone Sony WH-1000 | C216: Electronics | D216: 12 | E216: 20 | F216: 2 | G216: 16 | H216: SUP_EL02 | I216: 45724 | J216: 3200000 | K216: 45717
A217: SKU-020 | B217: Snack Granola Mix 500g | C217: Food & Beverage | D217: 72 | E217: 120 | F217: 18 | G217: 7 | H217: SUP_FB02 | I217: 45815 | J217: 55000 | K217: 45809
A218: SKU-011 | B218: Vacuum Cleaner Deerma | C218: Home & Living | D218: 33 | E218: 15 | F218: 2 | G218: 10 | H218: SUP_HM02 | I218: 46032 | J218: 1200000 | K218: 46023
A219: SKU-015 | B219: Foundation Maybelline Fit | C219: Beauty | D219: 246 | E219: 60 | F219: 3 | G219: 7 | H219: SUP_BT02 | I219: 46049 | J219: 165000 | K219: 46023
A220: SKU-018 | B220: Teh Organik Premium Box | C220: Food & Beverage | D220: 64 | E220: 80 | F220: 13 | G220: 5 | H220: SUP_FB01 | I220: 45970 | J220: 65000 | K220: 45962
A221: SKU-010 | B221: Rice Cooker Miyako 1.8L | C221: Home & Living | D221: 37 | E221: 25 | F221: 1 | G221: 9 | H221: SUP_HM01 | I221: 45775 | J221: 450000 | K221: 45748
A222: SKU-005 | B222: Kemeja Formal Pria | C222: Fashion | D222: 0 | E222: 50 | F222: 13 | G222: 3 | H222: SUP_FA01 | I222: 45747 | J222: 350000 | K222: 45717
A223: SKU-015 | B223: Foundation Maybelline Fit | C223: Beauty | D223: 230 | E223: 60 | F223: 2 | G223: 8 | H223: SUP_BT02 | I223: 45817 | J223: 165000 | K223: 45809
A224: SKU-010 | B224: Rice Cooker Miyako 1.8L | C224: Home & Living | D224: 52 | E224: 25 | F224: 4 | G224: 9 | H224: SUP_HM01 | I224: 45671 | J224: 450000 | K224: 45658
A225: SKU-009 | B225: Blender Philips HR2157 | C225: Home & Living | D225: 47 | E225: 20 | F225: 4 | G225: 9 | H225: SUP_HM01 | I225: 45909 | J225: 750000 | K225: 45901
... A229: SKU-019 | B229: Madu Hutan Asli 500ml | C229: Food & Beverage | D229: 37 | E229: 60 | F229: 8 | G229: 5 | H229: SUP_FB02 | I229: 45795 | J229: 175000 | K229: 45778
A230: SKU-005 | B230: Kemeja Formal Pria | C230: Fashion | D230: 49 | E230: 50 | F230: 5 | H230: SUP_FA01 | I230: 45784 | J230: 350000 | K230: 45778
A231: SKU-003 | B231: Headphone Sony WH-1000 | C231: Electronics | D231: 22 | E231: 20 | F231: 4 | G231: 8 | H231: SUP_EL02 | I231: 46103 | J231: 3200000 | K231: 46082
A232: SKU-017 | B232: Kopi Arabika 250g Pack | C232: Food & Beverage | D232: 58 | E232: 100 | F232: 14 | G232: 3 | H232: SUP_FB01 | I232: 45951 | J232: 85000 | K232: 45931
A233: SKU-011 | B233: Vacuum Cleaner Deerma | C233: Home & Living | D233: 14 | E233: 15 | F233: 2 | G233: 5 | H233: SUP_HM02 | I233: 45858 | J233: 1200000 | K233: 45839
A234: SKU-003 | B234: Headphone Sony WH-1000 | C234: Electronics | D234: 0 | E234: 20 | F234: 4 | G234: 17 | H234: SUP_EL02 | I234: 45964 | J234: 3200000 | K234: 45962
A235: SKU-009 | B235: Blender Philips HR2157 | C235: Home & Living | D235: 26 | E235: 20 | F235: 2 | G235: 10 | H235: SUP_HM01 | I235: 45762 | J235: 750000 | K235: 45748
A236: SKU-020 | B236: Snack Granola Mix 500g | C236: Food & Beverage | D236: 12 | E236: 120 | F236: 21 | G236: 5 | H236: SUP_FB02 | I236: 45706 | J236: 55000 | K236: 45689
...

Sheet 6 Future Dates
A1: SKU | B1: ProductName | C1: Category | D1: CurrentStock | E1: ReorderPoint | F1: DailySalesAvg | G1: LeadTime | H1: SupplierID | I1: LastRestockDate | J1: UnitPrice | K1: SnapshotDate
A2: SKU-016 | B2: Parfum EDT Brasov 100ml | C2: Beauty | D2: 271 | E2: 50 | F2: 2 | G2: 4 | H2: SUP_BT02 | I2: 45748 | J2: 125000 | K2: 45748
A3: SKU-001 | B3: Laptop ASUS Vivobook | C3: Electronics | D3: 21 | E3: 15 | F3: 4 | G3: 5 | H3: SUP_EL01 | I3: 45942 | J3: 8500000 | K3: 45931
A4: SKU-004 | B4: Smartwatch Xiaomi Band | C4: Electronics | D4: 30 | E4: 30 | F4: 2 | G4: 7 | H4: SUP_EL01 | I4: 46029 | J4: 1200000 | K4: 46023
A5: SKU-005 | B5: Kemeja Formal Pria | C5: Fashion | D5: 25 | E5: 50 | F5: 6 | G5: 3 | H5: SUP_FA01 | I5: 45688 | J5: 350000 | K5: 45658
A6: SKU-002 | B6: Smartphone Samsung A54 | C6: Electronics | D6: 0 | E6: 25 | F6: 7 | G6: 21 | H6: SUP_EL02 | I6: 45978 | J6: 4500000 | K6: 45962
A7: SKU-005 | B7: Kemeja Formal Pria | C7: Fashion | D7: 0 | E7: 50 | F7: 11 | G7: 7 | H7: SUP_FA01 | I7: 45749 | J7: 350000 | K7: 45748
A8: SKU-007 | B8: Sepatu Sneakers Nike | C8: Fashion | D8: 0 | E8: 35 | F8: 8 | G8: 5 | H8: SUP_FA02 | I8: 45774 | J8: 1250000 | K8: 45748
A9: SKU-013 | B9: Skincare Set Whitelab | C9: Beauty | D9: 220 | E9: 40 | F9: 2 | G9: 5 | H9: SUP_BT01 | I9: 45831 | J9: 550000 | K9: 45809
A10: SKU-018 | B10: Teh Organik Premium Box | C10: Food & Beverage | D10: 28 | E10: 80 | F10: 11 | G10: 4 | H10: SUP_FB01 | I10: 45812 | J10: 65000 | K10: 45809
A11: SKU-004 | B11: Smartwatch Xiaomi Band | C11: Electronics | D11: 24 | E11: 30 | F11: 3 | G11: 6 | H11: SUP_EL01 | I11: 45695 | J11: 1200000 | K11: 45689
A12: SKU-006 | B12: Dress Casual Wanita | C12: Fashion | D12: -28 | E12: 45 | F12: 7 | G12: 5 | H12: SUP_FA01 | I12: 45664 | J12: 450000 | K12: 45658
A13: SKU-011 | B13: Vacuum Cleaner Deerma | C13: Home & Living | D13: -18 | E13: 15 | F13: 4 | G13: 6 | H13: SUP_HM02 | I13: 46099 | J13: 1200000 | K13: 46082
... A76: SKU-002 | B76: Smartphone Samsung A54 | C76: Electronics | D76: 42 | E76: 25 | F76: 4 | G76: 19 | H76: SUP_EL02 | I76: 45881 | J76: 4500000 | K76: 45870
A77: SKU-019 | B77: Madu Hutan Asli 500ml | C77: Food & Beverage | D77: 18 | E77: 60 | F77: 8 | G77: 5 | H77: SUP_FB02 | I77: 45712 | K77: 45689
A78: SKU-004 | B78: Smartwatch Xiaomi Band | C78: Electronics | D78: 17 | E78: 30 | F78: 6 | G78: 8 | H78: SUP_EL01 | I78: 45996 | J78: 1200000 | K78: 45992
A79: SKU-016 | B79: Parfum EDT Brasov 100ml | C79: Beauty | D79: 238 | E79: 50 | F79: 2 | G79: 7 | H79: SUP_BT02 | I79: 45671 | J79: 125000 | K79: 45658
A80: SKU-008 | B80: Tas Ransel Eiger | C80: Fashion | D80: 0 | E80: 40 | F80: 10 | G80: 7 | H80: SUP_FA02 | I80: 46109 | J80: 550000 | K80: 46082
A81: SKU-018 | B81: Teh Organik Premium Box | C81: Food & Beverage | E81: 80 | F81: 11 | G81: 4 | H81: SUP_FB01 | I81: 45766 | J81: 65000 | K81: 45748
A82: SKU-017 | B82: Kopi Arabika 250g Pack | C82: Food & Beverage | D82: 26 | E82: 100 | F82: 16 | G82: 4 | H82: SUP_FB01 | I82: 45778 | J82: 85000 | K82: 45778
A83: SKU-014 | B83: Lipstik Matte Wardah | C83: Beauty | D83: 301 | E83: 80 | F83: 3 | G83: 4 | H83: SUP_BT01 | I83: 45936 | J83: 85000 | K83: 45931
A84: SKU-010 | B84: Rice Cooker Miyako 1.8L | C84: Home & Living | D84: 19 | E84: 25 | F84: 4 | G84: 10 | H84: SUP_HM01 | I84: 45729 | J84: 450000 | K84: 45717
A85: SKU-012 | B85: Kipas Angin Cosmos 16in | C85: Home & Living | D85: 51 | E85: 30 | F85: 6 | G85: 9 | H85: SUP_HM02 | I85: 45752 | J85: 350000 | K85: 45748
A86: SKU-007 | B86: Sepatu Sneakers Nike | C86: Fashion | D86: 17 | E86: 35 | F86: 5 | G86: 5 | H86: SUP_FA02 | I86: 45663 | J86: 1250000 | K86: 45658
A87: SKU-015 | B87: Foundation Maybelline Fit | C87: Beauty | D87: 223 | E87: 60 | F87: 4 | G87: 8 | H87: SUP_BT02 | I87: 46108 | J87: 165000 | K87: 46082
A88: SKU-005 | B88: Kemeja Formal Pria | C88: Fashion | D88: 34 | E88: 50 | F88: 6 | G88: 6 | H88: SUP_FA01 | I88: 45849 | J88: 350000 | K88: 45839
A89: SKU-008 | B89: Tas Ransel Eiger | C89: Fashion | D89: 10 | E89: 40 | F89: 4 | G89: 3 | H89: SUP_FA02 | I89: 46055 | J89: 550000 | K89: 46054
A90: SKU-014 | B90: Lipstik Matte Wardah | C90: Beauty | D90: 436 | E90: 80 | F90: 4 | G90: 4 | H90: SUP_BT01 | I90: 45755 | J90: 85000 | K90: 45748
A91: SKU-002 | B91: Smartphone Samsung A54 | C91: Electronics | D91: 0 | E91: 25 | F91: 8 | G91: 10 | H91: SUP_EL02 | I91: 46013 | J91: 4500000 | K91: 45992
A92: SKU-002 | B92: Smartphone Samsung A54 | C92: Electronics | D92: 20 | E92: 25 | F92: 4 | G92: 19 | H92: SUP_EL02 | I92: 45786 | J92: 4500000 | K92: 45778
A93: SKU-010 | B93: Rice Cooker Miyako 1.8L | C93: Home & Living | D93: 42 | E93: 25 | F93: 4 | G93: 8 | H93: SUP_HM01 | I93: 46029 | J93: 450000 | K93: 46023
... A122: SKU-007 | B122: Sepatu Sneakers Nike | C122: Fashion | D122: 18 | E122: 35 | F122: 7 | G122: 5 | H122: SUP_FA02 | I122: 45859 | J122: 1250000 | K122: 45839
A123: SKU-010 | B123: Rice Cooker Miyako 1.8L | C123: Home & Living | D123: 14 | E123: 25 | F123: 5 | G123: 9 | H123: SUP_HM01 | I123: 45816 | K123: 45809
A124: SKU-012 | B124: Kipas Angin Cosmos 16in | C124: Home & Living | D124: 34 | E124: 30 | F124: 5 | G124: 5 | H124: SUP_HM02 | I124: 46007 | J124: 350000 | K124: 45992
A125: SKU-006 | B125: Dress Casual Wanita | C125: Fashion | D125: 0 | E125: 45 | F125: 13 | G125: 7 | H125: SUP_FA01 | I125: 46015 | J125: 450000 | K125: 45992
A126: SKU-018 | B126: Teh Organik Premium Box | C126: Food & Beverage | D126: 17 | E126: 80 | F126: 11 | G126: 5 | H126: SUP_FB01 | I126: 45882 | J126: 65000 | K126: 45870
A127: SKU-019 | B127: Madu Hutan Asli 500ml | C127: Food & Beverage | D127: 0 | E127: 60 | F127: 14 | G127: 4 | H127: SUP_FB02 | I127: 45741 | J127: 175000 | K127: 45717
A128: SKU-011 | B128: Vacuum Cleaner Deerma | C128: Home & Living | D128: 13 | E128: 15 | F128: 2 | G128: 7 | H128: SUP_HM02 | I128: 45799 | J128: 1200000 | K128: 45778
A129: SKU-018 | B129: Teh Organik Premium Box | C129: Food & Beverage | D129: 9 | E129: 80 | F129: 11 | G129: 4 | H129: SUP_FB01 | I129: 46077 | J129: 65000 | K129: 46054
A130: SKU-015 | B130: Foundation Maybelline Fit | C130: Beauty | D130: 202 | E130: 60 | F130: 2 | G130: 4 | H130: SUP_BT02 | I130: 46019 | J130: 165000 | K130: 45992
A131: SKU-015 | B131: Foundation Maybelline Fit | C131: Beauty | D131: 252 | E131: 60 | F131: 4 | G131: 7 | H131: SUP_BT02 | I131: 45930 | J131: 165000 | K131: 45901
A132: SKU-009 | B132: Blender Philips HR2157 | C132: Home & Living | D132: 20 | E132: 20 | F132: 2 | G132: 7 | H132: SUP_HM01 | I132: 46027 | J132: 750000 | K132: 46023
A133: SKU-013 | B133: Skincare Set Whitelab | C133: Beauty | D133: 153 | E133: 40 | F133: 4 | G133: 5 | H133: SUP_BT01 | I133: 46097 | J133: 550000 | K133: 46082
A134: SKU-010 | B134: Rice Cooker Miyako 1.8L | C134: Home & Living | D134: 41 | E134: 25 | F134: 4 | G134: 10 | H134: SUP_HM01 | I134: 45801 | J134: 450000 | K134: 45778
A135: SKU-014 | B135: Lipstik Matte Wardah | C135: Beauty | D135: 405 | E135: 80 | G135: 5 | H135: SUP_BT01 | I135: 45663 | J135: 85000 | K135: 45658
A136: SKU-009 | B136: Blender Philips HR2157 | C136: Home & Living | D136: 32 | E136: 20 | F136: 1 | G136: 8 | H136: SUP_HM01 | I136: 45955 | J136: 750000 | K136: 45931
A137: SKU-003 | B137: Headphone Sony WH-1000 | C137: Electronics | D137: 0 | E137: 20 | F137: 3 | G137: 7 | H137: SUP_EL02 | I137: 45919 | J137: 3200000 | K137: 45901
A138: SKU-014 | B138: Lipstik Matte Wardah | C138: Beauty | D138: 255 | E138: 80 | F138: 4 | G138: 6 | H138: SUP_BT01 | I138: 46001 | J138: 85000 | K138: 45992
A139: SKU-013 | B139: Skincare Set Whitelab | C139: Beauty | D139: 168 | E139: 40 | F139: 3 | G139: 5 | H139: SUP_BT01 | I139: 45709 | J139: 550000 | K139: 45689
A140: SKU-010 | B140: Rice Cooker Miyako 1.8L | C140: Home & Living | D140: 58 | E140: 25 | F140: 1 | G140: 10 | H140: SUP_HM01 | I140: 45952 | J140: 450000 | K140: 45931
A141: SKU-008 | B141: Tas Ransel Eiger | C141: Fashion | D141: 42 | E141: 40 | F141: 4 | G141: 7 | H141: SUP_FA02 | I141: 45889 | J141: 550000 | K141: 45870
A142: SKU-012 | B142: Kipas Angin Cosmos 16in | C142: Home & Living | D142: 35 | E142: 30 | F142: 5 | G142: 6 | H142: SUP_HM02 | I142: 46048 | J142: 350000 | K142: 46023
A143: SKU-008 | B143: Tas Ransel Eiger | C143: Fashion | D143: 36 | E143: 40 | F143: 6 | G143: 4 | H143: SUP_FA02 | I143: 46044 | J143: 550000 | K143: 46023
A144: SKU-020 | B144: Snack Granola Mix 500g | C144: Food & Beverage | D144: 87 | E144: 120 | F144: 18 | G144: 7 | H144: SUP_FB02 | I144: 45748 | J144: 55000 | K144: 45748
A145: SKU-019 | B145: Madu Hutan Asli 500ml | C145: Food & Beverage | D145: 35 | E145: 60 | F145: 6 | G145: 7 | H145: SUP_FB02 | I145: 46221 | J145: 175000 | K145: 46023
A146: SKU-011 | B146: Vacuum Cleaner Deerma | C146: Home & Living | D146: 32 | E146: 15 | F146: 1 | G146: 8 | H146: SUP_HM02 | I146: 46079 | J146: 1200000 | K146: 46054
A147: SKU-013 | B147: Skincare Set Whitelab | C147: Beauty | D147: 139 | E147: 40 | F147: 2 | G147: 6 | H147: SUP_BT01 | I147: 45845 | J147: 550000 | K147: 45839
... A191: SKU-010 | B191: Rice Cooker Miyako 1.8L | C191: Home & Living | D191: 21 | E191: 25 | F191: 3 | G191: 9 | H191: SUP_HM01 | I191: 45854 | J191: 450000 | K191: 45839
A192: SKU-019 | B192: Madu Hutan Asli 500ml | C192: Food & Beverage | D192: 12 | E192: 60 | F192: 10 | H192: SUP_FB02 | I192: 45965 | J192: 175000 | K192: 45962
A193: SKU-001 | B193: Laptop ASUS Vivobook | C193: Electronics | D193: 17 | E193: 15 | F193: 1 | G193: 6 | H193: SUP_EL01 | I193: 45665 | J193: 8500000 | K193: 45658
A194: SKU-019 | B194: Madu Hutan Asli 500ml | C194: Food & Beverage | D194: 34 | E194: 60 | F194: 7 | G194: 6 | H194: SUP_FB02 | I194: 45934 | J194: 175000 | K194: 45931
A195: SKU-019 | B195: Madu Hutan Asli 500ml | C195: Food & Beverage | D195: 21 | E195: 60 | F195: 9 | G195: 4 | H195: SUP_FB02 | I195: 46067 | J195: 175000 | K195: 46054
A196: SKU-007 | B196: Sepatu Sneakers Nike | C196: Fashion | D196: 0 | E196: 35 | F196: 9 | G196: 6 | H196: SUP_FA02 | I196: 45973 | J196: 1250000 | K196: 45962
A197: SKU-013 | B197: Skincare Set Whitelab | C197: Beauty | D197: 150 | E197: 40 | F197: 4 | G197: 4 | H197: SUP_BT01 | I197: 46040 | J197: 550000 | K197: 46023
A198: SKU-018 | B198: Teh Organik Premium Box | C198: Food & Beverage | D198: 18 | E198: 80 | F198: 10 | G198: 4 | H198: SUP_FB01 | I198: 46024 | J198: 65000 | K198: 46023
A199: SKU-007 | B199: Sepatu Sneakers Nike | C199: Fashion | D199: 27 | E199: 35 | F199: 8 | G199: 6 | H199: SUP_FA02 | I199: 46054 | J199: 1250000 | K199: 46054
A200: SKU-012 | B200: Kipas Angin Cosmos 16in | C200: Home & Living | D200: 39 | E200: 30 | F200: 6 | G200: 10 | H200: SUP_HM02 | I200: 45854 | J200: 350000 | K200: 45839
A201: SKU-007 | B201: Sepatu Sneakers Nike | C201: Fashion | D201: 10 | E201: 35 | F201: 7 | G201: 3 | H201: SUP_FA02 | I201: 45929 | J201: 1250000 | K201: 45901
A202: SKU-003 | B202: Headphone Sony WH-1000 | C202: Electronics | D202: 7 | E202: 20 | F202: 2 | G202: 13 | H202: SUP_EL02 | I202: 45861 | J202: 3200000 | K202: 45839
A203: SKU-005 | B203: Kemeja Formal Pria | C203: Fashion | D203: 13 | E203: 50 | F203: 8 | G203: 4 | H203: SUP_FA01 | I203: 45691 | J203: 350000 | K203: 45689
A204: SKU-011 | B204: Vacuum Cleaner Deerma | C204: Home & Living | E204: 15 | F204: 2 | G204: 4 | H204: SUP_HM02 | I204: 45688 | J204: 1200000 | K204: 45658
A205: SKU-017 | B205: Kopi Arabika 250g Pack | C205: Food & Beverage | D205: 19 | E205: 100 | F205: 16 | G205: 4 | H205: SUP_FB01 | I205: 45965 | J205: 85000 | K205: 45962
A206: SKU-017 | B206: Kopi Arabika 250g Pack | C206: Food & Beverage | D206: 36 | E206: 100 | F206: 16 | G206: 5 | H206: SUP_FB01 | I206: 45851 | J206: 85000 | K206: 45839
A207: SKU-018 | B207: Teh Organik Premium Box | C207: Food & Beverage | D207: 33 | E207: 80 | F207: 13 | G207: 4 | H207: SUP_FB01 | I207: 45697 | J207: 65000 | K207: 45689
A208: SKU-001 | B208: Laptop ASUS Vivobook | C208: Electronics | D208: 0 | E208: 15 | F208: 2 | G208: 8 | H208: SUP_EL01 | I208: 45994 | J208: 8500000 | K208: 45992
A209: SKU-004 | B209: Smartwatch Xiaomi Band | C209: Electronics | D209: 34 | E209: 30 | F209: 4 | G209: 5 | H209: SUP_EL01 | I209: 46083 | J209: 1200000 | K209: 46082
A210: SKU-014 | B210: Lipstik Matte Wardah | C210: Beauty | D210: 427 | E210: 80 | F210: 2 | G210: 5 | H210: SUP_BT01 | I210: 45838 | J210: 85000 | K210: 45809
A211: SKU-019 | B211: Madu Hutan Asli 500ml | C211: Food & Beverage | D211: 14 | E211: 60 | F211: 8 | G211: 6 | H211: SUP_FB02 | I211: 45930 | J211: 175000 | K211: 45901
A212: SKU-002 | B212: Smartphone Samsung A54 | C212: Electronics | D212: 32 | E212: 25 | F212: 6 | G212: 17 | H212: SUP_EL02 | I212: 46026 | J212: 4500000 | K212: 46023
A213: SKU-016 | B213: Parfum EDT Brasov 100ml | C213: Beauty | E213: 50 | F213: 1 | G213: 7 | H213: SUP_BT02 | I213: 45885 | J213: 125000 | K213: 45870
A214: SKU-001 | B214: Laptop ASUS Vivobook | C214: Electronics | D214: 28 | E214: 15 | F214: 1 | G214: 6 | H214: SUP_EL01 | I214: 45800 | J214: 8500000 | K214: 45778
A215: SKU-009 | B215: Blender Philips HR2157 | C215: Home & Living | D215: 21 | E215: 20 | F215: 2 | G215: 9 | H215: SUP_HM01 | I215: 45724 | J215: 750000 | K215: 45717
A216: SKU-003 | B216: Headphone Sony WH-1000 | C216: Electronics | D216: 12 | E216: 20 | F216: 2 | G216: 16 | H216: SUP_EL02 | I216: 45724 | J216: 3200000 | K216: 45717
A217: SKU-020 | B217: Snack Granola Mix 500g | C217: Food & Beverage | D217: 72 | E217: 120 | F217: 18 | G217: 7 | H217: SUP_FB02 | I217: 45815 | J217: 55000 | K217: 45809
A218: SKU-011 | B218: Vacuum Cleaner Deerma | C218: Home & Living | D218: 33 | E218: 15 | F218: 2 | G218: 10 | H218: SUP_HM02 | I218: 46032 | J218: 1200000 | K218: 46023
A219: SKU-015 | B219: Foundation Maybelline Fit | C219: Beauty | D219: 246 | E219: 60 | F219: 3 | G219: 7 | H219: SUP_BT02 | I219: 46049 | J219: 165000 | K219: 46023
A220: SKU-018 | B220: Teh Organik Premium Box | C220: Food & Beverage | D220: 64 | E220: 80 | F220: 13 | G220: 5 | H220: SUP_FB01 | I220: 45970 | J220: 65000 | K220: 45962
A221: SKU-010 | B221: Rice Cooker Miyako 1.8L | C221: Home & Living | D221: 37 | E221: 25 | F221: 1 | G221: 9 | H221: SUP_HM01 | I221: 45775 | J221: 450000 | K221: 45748
A222: SKU-005 | B222: Kemeja Formal Pria | C222: Fashion | D222: 0 | E222: 50 | F222: 13 | G222: 3 | H222: SUP_FA01 | I222: 45747 | J222: 350000 | K222: 45717
A223: SKU-015 | B223: Foundation Maybelline Fit | C223: Beauty | D223: 230 | E223: 60 | F223: 2 | G223: 8 | H223: SUP_BT02 | I223: 45817 | J223: 165000 | K223: 45809
A224: SKU-010 | B224: Rice Cooker Miyako 1.8L | C224: Home & Living | D224: 52 | E224: 25 | F224: 4 | G224: 9 | H224: SUP_HM01 | I224: 45671 | J224: 450000 | K224: 45658
A225: SKU-009 | B225: Blender Philips HR2157 | C225: Home & Living | D225: 47 | E225: 20 | F225: 4 | G225: 9 | H225: SUP_HM01 | I225: 45909 | J225: 750000 | K225: 45901
... A229: SKU-019 | B229: Madu Hutan Asli 500ml | C229: Food & Beverage | D229: 37 | E229: 60 | F229: 8 | G229: 5 | H229: SUP_FB02 | I229: 45795 | J229: 175000 | K229: 45778
A230: SKU-005 | B230: Kemeja Formal Pria | C230: Fashion | D230: 49 | E230: 50 | F230: 5 | H230: SUP_FA01 | I230: 45784 | J230: 350000 | K230: 45778
A231: SKU-003 | B231: Headphone Sony WH-1000 | C231: Electronics | D231: 22 | E231: 20 | F231: 4 | G231: 8 | H231: SUP_EL02 | I231: 46103 | J231: 3200000 | K231: 46082
A232: SKU-017 | B232: Kopi Arabika 250g Pack | C232: Food & Beverage | D232: 58 | E232: 100 | F232: 14 | G232: 3 | H232: SUP_FB01 | I232: 45951 | J232: 85000 | K232: 45931
A233: SKU-011 | B233: Vacuum Cleaner Deerma | C233: Home & Living | D233: 14 | E233: 15 | F233: 2 | G233: 5 | H233: SUP_HM02 | I233: 45858 | J233: 1200000 | K233: 45839
A234: SKU-003 | B234: Headphone Sony WH-1000 | C234: Electronics | D234: 0 | E234: 20 | F234: 4 | G234: 17 | H234: SUP_EL02 | I234: 45964 | J234: 3200000 | K234: 45962
A235: SKU-009 | B235: Blender Philips HR2157 | C235: Home & Living | D235: 26 | E235: 20 | F235: 2 | G235: 10 | H235: SUP_HM01 | I235: 45762 | J235: 750000 | K235: 45748
A236: SKU-020 | B236: Snack Granola Mix 500g | C236: Food & Beverage | D236: 12 | E236: 120 | F236: 21 | G236: 5 | H236: SUP_FB02 | I236: 45706 | J236: 55000 | K236: 45689
...

Sheet 12 Duplicates (Live)
A1: SKU | B1: ProductName | C1: Category | D1: CurrentStock | E1: ReorderPoint | F1: DailySalesAvg | G1: LeadTime | H1: SupplierID | I1: LastRestockDate | J1: UnitPrice | K1: SnapshotDate | L1: Duplikat
A2: SKU-016 | B2: Parfum EDT Brasov 100ml | C2: Beauty | D2: 271 | E2: 50 | F2: 2 | G2: 4 | H2: SUP_BT02 | I2: 45748 | J2: 125000 | K2: 45748 | L2: =TEXTJOIN("|",TRUE,A2:K2) -> SKU-016|Parfum EDT Brasov 100ml|Beauty|271|50|2|4|SUP_BT02|2025-04-01|125000|2025-04-01 | M2: =counta(A2:A313) -> 312
A3: SKU-001 | B3: Laptop ASUS Vivobook | C3: Electronics | D3: 21 | E3: 15 | F3: 4 | G3: 5 | H3: SUP_EL01 | I3: 45942 | J3: 8500000 | K3: 45931 | L3: =TEXTJOIN("|",TRUE,A3:K3) -> SKU-001|Laptop ASUS Vivobook|Electronics|21|15|4|5|SUP_EL01|2025-10-12|8500000|2025-10-01 | M3: =IFERROR(__xludf.DUMMYFUNCTION("COUNTUNIQUE(L2:L313)"),300.0) -> 300
A4: SKU-004 | B4: Smartwatch Xiaomi Band | C4: Electronics | D4: 30 | E4: 30 | F4: 2 | G4: 7 | H4: SUP_EL01 | I4: 46029 | J4: 1200000 | K4: 46023 | L4: =TEXTJOIN("|",TRUE,A4:K4) -> SKU-004|Smartwatch Xiaomi Band|Electronics|30|30|2|7|SUP_EL01|2026-01-07|1200000|2026-01-01 | M4: =M2-M3 -> 12
A5: SKU-005 | B5: Kemeja Formal Pria | C5: Fashion | D5: 25 | E5: 50 | F5: 6 | G5: 3 | H5: SUP_FA01 | I5: 45688 | J5: 350000 | K5: 45658 | L5: =TEXTJOIN("|",TRUE,A5:K5) -> SKU-005|Kemeja Formal Pria|Fashion|25|50|6|3|SUP_FA01|2025-01-31|350000|2025-01-01
A6: SKU-002 | B6: Smartphone Samsung A54 | C6: Electronics | D6: 0 | E6: 25 | F6: 7 | G6: 21 | H6: SUP_EL02 | I6: 45978 | J6: 4500000 | K6: 45962 | L6: =TEXTJOIN("|",TRUE,A6:K6) -> SKU-002|Smartphone Samsung A54|Electronics|0|25|7|21|SUP_EL02|2025-11-17|4500000|2025-11-01
A7: SKU-005 | B7: Kemeja Formal Pria | C7: Fashion | D7: 0 | E7: 50 | F7: 11 | G7: 7 | H7: SUP_FA01 | I7: 45749 | J7: 350000 | K7: 45748 | L7: =TEXTJOIN("|",TRUE,A7:K7) -> SKU-005|Kemeja Formal Pria|Fashion|0|50|11|7|SUP_FA01|2025-04-02|350000|2025-04-01
A8: SKU-007 | B8: Sepatu Sneakers Nike | C8: Fashion | D8: 0 | E8: 35 | F8: 8 | G8: 5 | H8: SUP_FA02 | I8: 45774 | J8: 1250000 | K8: 45748 | L8: =TEXTJOIN("|",TRUE,A8:K8) -> SKU-007|Sepatu Sneakers Nike|Fashion|0|35|8|5|SUP_FA02|2025-04-27|1250000|2025-04-01
A9: SKU-013 | B9: Skincare Set Whitelab | C9: Beauty | D9: 220 | E9: 40 | F9: 2 | G9: 5 | H9: SUP_BT01 | I9: 45831 | J9: 550000 | K9: 45809 | L9: =TEXTJOIN("|",TRUE,A9:K9) -> SKU-013|Skincare Set Whitelab|Beauty|220|40|2|5|SUP_BT01|2025-06-23|550000|2025-06-01
A10: SKU-018 | B10: Teh Organik Premium Box | C10: Food & Beverage | D10: 28 | E10: 80 | F10: 11 | G10: 4 | H10: SUP_FB01 | I10: 45812 | J10: 65000 | K10: 45809 | L10: =TEXTJOIN("|",TRUE,A10:K10) -> SKU-018|Teh Organik Premium Box|Food & Beverage|28|80|11|4|SUP_FB01|2025-06-04|65000|2025-06-01
A11: SKU-004 | B11: Smartwatch Xiaomi Band | C11: Electronics | D11: 24 | E11: 30 | F11: 3 | G11: 6 | H11: SUP_EL01 | I11: 45695 | J11: 1200000 | K11: 45689 | L11: =TEXTJOIN("|",TRUE,A11:K11) -> SKU-004|Smartwatch Xiaomi Band|Electronics|24|30|3|6|SUP_EL01|2025-02-07|1200000|2025-02-01
A12: SKU-006 | B12: Dress Casual Wanita | C12: Fashion | D12: -28 | E12: 45 | F12: 7 | G12: 5 | H12: SUP_FA01 | I12: 45664 | J12: 450000 | K12: 45658 | L12: =TEXTJOIN("|",TRUE,A12:K12) -> SKU-006|Dress Casual Wanita|Fashion|-28|45|7|5|SUP_FA01|2025-01-07|450000|2025-01-01
A13: SKU-011 | B13: Vacuum Cleaner Deerma | C13: Home & Living | D13: -18 | E13: 15 | F13: 4 | G13: 6 | H13: SUP_HM02 | I13: 46099 | J13: 1200000 | K13: 46082 | L13: =TEXTJOIN("|",TRUE,A13:K13) -> SKU-011|Vacuum Cleaner Deerma|Home & Living|-18|15|4|6|SUP_HM02|2026-03-18|1200000|2026-03-01
A14: SKU-012 | B14: Kipas Angin Cosmos 16in | C14: Home & Living | D14: 54 | E14: 30 | F14: 6 | G14: 8 | H14: SUP_HM02 | I14: 45983 | J14: 350000 | K14: 45962 | L14: =TEXTJOIN("|",TRUE,A14:K14) -> SKU-012|Kipas Angin Cosmos 16in|Home & Living|54|30|6|8|SUP_HM02|2025-11-22|350000|2025-11-01
A15: SKU-008 | B15: Tas Ransel Eiger | C15: Fashion | D15: 0 | E15: 40 | F15: 7 | G15: 4 | H15: SUP_FA02 | I15: 45761 | J15: 550000 | K15: 45748 | L15: =TEXTJOIN("|",TRUE,A15:K15) -> SKU-008|Tas Ransel Eiger|Fashion|0|40|7|4|SUP_FA02|2025-04-14|550000|2025-04-01
A16: SKU-012 | B16: Kipas Angin Cosmos 16in | C16: Home & Living | D16: 41 | E16: 30 | F16: 4 | G16: 10 | H16: SUP_HM02 | I16: 45930 | J16: 350000 | K16: 45901 | L16: =TEXTJOIN("|",TRUE,A16:K16) -> SKU-012|Kipas Angin Cosmos 16in|Home & Living|41|30|4|10|SUP_HM02|2025-09-30|350000|2025-09-01
... A76: SKU-002 | B76: Smartphone Samsung A54 | C76: Electronics | D76: 42 | E76: 25 | F76: 4 | G76: 19 | H76: SUP_EL02 | I76: 45881 | J76: 4500000 | K76: 45870 | L76: =TEXTJOIN("|",TRUE,A76:K76) -> SKU-002|Smartphone Samsung A54|Electronics|42|25|4|19|SUP_EL02|2025-08-12|4500000|2025-08-01
A77: SKU-019 | B77: Madu Hutan Asli 500ml | C77: Food & Beverage | D77: 18 | E77: 60 | F77: 8 | G77: 5 | H77: SUP_FB02 | I77: 45712 | K77: 45689 | L77: =TEXTJOIN("|",TRUE,A77:K77) -> SKU-019|Madu Hutan Asli 500ml|Food & Beverage|18|60|8|5|SUP_FB02|2025-02-24|2025-02-01
A78: SKU-004 | B78: Smartwatch Xiaomi Band | C78: Electronics | D78: 17 | E78: 30 | F78: 6 | G78: 8 | H78: SUP_EL01 | I78: 45996 | J78: 1200000 | K78: 45992 | L78: =TEXTJOIN("|",TRUE,A78:K78) -> SKU-004|Smartwatch Xiaomi Band|Electronics|17|30|6|8|SUP_EL01|2025-12-05|1200000|2025-12-01
A79: SKU-016 | B79: Parfum EDT Brasov 100ml | C79: Beauty | D79: 238 | E79: 50 | F79: 2 | G79: 7 | H79: SUP_BT02 | I79: 45671 | J79: 125000 | K79: 45658 | L79: =TEXTJOIN("|",TRUE,A79:K79) -> SKU-016|Parfum EDT Brasov 100ml|Beauty|238|50|2|7|SUP_BT02|2025-01-14|125000|2025-01-01
A80: SKU-008 | B80: Tas Ransel Eiger | C80: Fashion | D80: 0 | E80: 40 | F80: 10 | G80: 7 | H80: SUP_FA02 | I80: 46109 | J80: 550000 | K80: 46082 | L80: =TEXTJOIN("|",TRUE,A80:K80) -> SKU-008|Tas Ransel Eiger|Fashion|0|40|10|7|SUP_FA02|2026-03-28|550000|2026-03-01
A81: SKU-018 | B81: Teh Organik Premium Box | C81: Food & Beverage | E81: 80 | F81: 11 | G81: 4 | H81: SUP_FB01 | I81: 45766 | J81: 65000 | K81: 45748 | L81: =TEXTJOIN("|",TRUE,A81:K81) -> SKU-018|Teh Organik Premium Box|Food & Beverage|80|11|4|SUP_FB01|2025-04-19|65000|2025-04-01
A82: SKU-017 | B82: Kopi Arabika 250g Pack | C82: Food & Beverage | D82: 26 | E82: 100 | F82: 16 | G82: 4 | H82: SUP_FB01 | I82: 45778 | J82: 85000 | K82: 45778 | L82: =TEXTJOIN("|",TRUE,A82:K82) -> SKU-017|Kopi Arabika 250g Pack|Food & Beverage|26|100|16|4|SUP_FB01|2025-05-01|85000|2025-05-01
A83: SKU-014 | B83: Lipstik Matte Wardah | C83: Beauty | D83: 301 | E83: 80 | F83: 3 | G83: 4 | H83: SUP_BT01 | I83: 45936 | J83: 85000 | K83: 45931 | L83: =TEXTJOIN("|",TRUE,A83:K83) -> SKU-014|Lipstik Matte Wardah|Beauty|301|80|3|4|SUP_BT01|2025-10-06|85000|2025-10-01
A84: SKU-010 | B84: Rice Cooker Miyako 1.8L | C84: Home & Living | D84: 19 | E84: 25 | F84: 4 | G84: 10 | H84: SUP_HM01 | I84: 45729 | J84: 450000 | K84: 45717 | L84: =TEXTJOIN("|",TRUE,A84:K84) -> SKU-010|Rice Cooker Miyako 1.8L|Home & Living|19|25|4|10|SUP_HM01|2025-03-13|450000|2025-03-01
A85: SKU-012 | B85: Kipas Angin Cosmos 16in | C85: Home & Living | D85: 51 | E85: 30 | F85: 6 | G85: 9 | H85: SUP_HM02 | I85: 45752 | J85: 350000 | K85: 45748 | L85: =TEXTJOIN("|",TRUE,A85:K85) -> SKU-012|Kipas Angin Cosmos 16in|Home & Living|51|30|6|9|SUP_HM02|2025-04-05|350000|2025-04-01
A86: SKU-007 | B86: Sepatu Sneakers Nike | C86: Fashion | D86: 17 | E86: 35 | F86: 5 | G86: 5 | H86: SUP_FA02 | I86: 45663 | J86: 1250000 | K86: 45658 | L86: =TEXTJOIN("|",TRUE,A86:K86) -> SKU-007|Sepatu Sneakers Nike|Fashion|17|35|5|5|SUP_FA02|2025-01-06|1250000|2025-01-01
A87: SKU-015 | B87: Foundation Maybelline Fit | C87: Beauty | D87: 223 | E87: 60 | F87: 4 | G87: 8 | H87: SUP_BT02 | I87: 46108 | J87: 165000 | K87: 46082 | L87: =TEXTJOIN("|",TRUE,A87:K87) -> SKU-015|Foundation Maybelline Fit|Beauty|223|60|4|8|SUP_BT02|2026-03-27|165000|2026-03-01
A88: SKU-005 | B88: Kemeja Formal Pria | C88: Fashion | D88: 34 | E88: 50 | F88: 6 | G88: 6 | H88: SUP_FA01 | I88: 45849 | J88: 350000 | K88: 45839 | L88: =TEXTJOIN("|",TRUE,A88:K88) -> SKU-005|Kemeja Formal Pria|Fashion|34|50|6|6|SUP_FA01|2025-07-11|350000|2025-07-01
A89: SKU-008 | B89: Tas Ransel Eiger | C89: Fashion | D89: 10 | E89: 40 | F89: 4 | G89: 3 | H89: SUP_FA02 | I89: 46055 | J89: 550000 | K89: 46054 | L89: =TEXTJOIN("|",TRUE,A89:K89) -> SKU-008|Tas Ransel Eiger|Fashion|10|40|4|3|SUP_FA02|2026-02-02|550000|2026-02-01
A90: SKU-014 | B90: Lipstik Matte Wardah | C90: Beauty | D90: 436 | E90: 80 | F90: 4 | G90: 4 | H90: SUP_BT01 | I90: 45755 | J90: 85000 | K90: 45748 | L90: =TEXTJOIN("|",TRUE,A90:K90) -> SKU-014|Lipstik Matte Wardah|Beauty|436|80|4|4|SUP_BT01|2025-04-08|85000|2025-04-01
A91: SKU-002 | B91: Smartphone Samsung A54 | C91: Electronics | D91: 0 | E91: 25 | F91: 8 | G91: 10 | H91: SUP_EL02 | I91: 46013 | J91: 4500000 | K91: 45992 | L91: =TEXTJOIN("|",TRUE,A91:K91) -> SKU-002|Smartphone Samsung A54|Electronics|0|25|8|10|SUP_EL02|2025-12-22|4500000|2025-12-01
A92: SKU-002 | B92: Smartphone Samsung A54 | C92: Electronics | D92: 20 | E92: 25 | F92: 4 | G92: 19 | H92: SUP_EL02 | I92: 45786 | J92: 4500000 | K92: 45778 | L92: =TEXTJOIN("|",TRUE,A92:K92) -> SKU-002|Smartphone Samsung A54|Electronics|20|25|4|19|SUP_EL02|2025-05-09|4500000|2025-05-01
A93: SKU-010 | B93: Rice Cooker Miyako 1.8L | C93: Home & Living | D93: 42 | E93: 25 | F93: 4 | G93: 8 | H93: SUP_HM01 | I93: 46029 | J93: 450000 | K93: 46023 | L93: =TEXTJOIN("|",TRUE,A93:K93) -> SKU-010|Rice Cooker Miyako 1.8L|Home & Living|42|25|4|8|SUP_HM01|2026-01-07|450000|2026-01-01
... A122: SKU-007 | B122: Sepatu Sneakers Nike | C122: Fashion | D122: 18 | E122: 35 | F122: 7 | G122: 5 | H122: SUP_FA02 | I122: 45859 | J122: 1250000 | K122: 45839 | L122: =TEXTJOIN("|",TRUE,A122:K122) -> SKU-007|Sepatu Sneakers Nike|Fashion|18|35|7|5|SUP_FA02|2025-07-21|1250000|2025-07-01
A123: SKU-010 | B123: Rice Cooker Miyako 1.8L | C123: Home & Living | D123: 14 | E123: 25 | F123: 5 | G123: 9 | H123: SUP_HM01 | I123: 45816 | K123: 45809 | L123: =TEXTJOIN("|",TRUE,A123:K123) -> SKU-010|Rice Cooker Miyako 1.8L|Home & Living|14|25|5|9|SUP_HM01|2025-06-08|2025-06-01
A124: SKU-012 | B124: Kipas Angin Cosmos 16in | C124: Home & Living | D124: 34 | E124: 30 | F124: 5 | G124: 5 | H124: SUP_HM02 | I124: 46007 | J124: 350000 | K124: 45992 | L124: =TEXTJOIN("|",TRUE,A124:K124) -> SKU-012|Kipas Angin Cosmos 16in|Home & Living|34|30|5|5|SUP_HM02|2025-12-16|350000|2025-12-01
A125: SKU-006 | B125: Dress Casual Wanita | C125: Fashion | D125: 0 | E125: 45 | F125: 13 | G125: 7 | H125: SUP_FA01 | I125: 46015 | J125: 450000 | K125: 45992 | L125: =TEXTJOIN("|",TRUE,A125:K125) -> SKU-006|Dress Casual Wanita|Fashion|0|45|13|7|SUP_FA01|2025-12-24|450000|2025-12-01
A126: SKU-018 | B126: Teh Organik Premium Box | C126: Food & Beverage | D126: 17 | E126: 80 | F126: 11 | G126: 5 | H126: SUP_FB01 | I126: 45882 | J126: 65000 | K126: 45870 | L126: =TEXTJOIN("|",TRUE,A126:K126) -> SKU-018|Teh Organik Premium Box|Food & Beverage|17|80|11|5|SUP_FB01|2025-08-13|65000|2025-08-01
A127: SKU-019 | B127: Madu Hutan Asli 500ml | C127: Food & Beverage | D127: 0 | E127: 60 | F127: 14 | G127: 4 | H127: SUP_FB02 | I127: 45741 | J127: 175000 | K127: 45717 | L127: =TEXTJOIN("|",TRUE,A127:K127) -> SKU-019|Madu Hutan Asli 500ml|Food & Beverage|0|60|14|4|SUP_FB02|2025-03-25|175000|2025-03-01
A128: SKU-011 | B128: Vacuum Cleaner Deerma | C128: Home & Living | D128: 13 | E128: 15 | F128: 2 | G128: 7 | H128: SUP_HM02 | I128: 45799 | J128: 1200000 | K128: 45778 | L128: =TEXTJOIN("|",TRUE,A128:K128) -> SKU-011|Vacuum Cleaner Deerma|Home & Living|13|15|2|7|SUP_HM02|2025-05-22|1200000|2025-05-01
A129: SKU-018 | B129: Teh Organik Premium Box | C129: Food & Beverage | D129: 9 | E129: 80 | F129: 11 | G129: 4 | H129: SUP_FB01 | I129: 46077 | J129: 65000 | K129: 46054 | L129: =TEXTJOIN("|",TRUE,A129:K129) -> SKU-018|Teh Organik Premium Box|Food & Beverage|9|80|11|4|SUP_FB01|2026-02-24|65000|2026-02-01
A130: SKU-015 | B130: Foundation Maybelline Fit | C130: Beauty | D130: 202 | E130: 60 | F130: 2 | G130: 4 | H130: SUP_BT02 | I130: 46019 | J130: 165000 | K130: 45992 | L130: =TEXTJOIN("|",TRUE,A130:K130) -> SKU-015|Foundation Maybelline Fit|Beauty|202|60|2|4|SUP_BT02|2025-12-28|165000|2025-12-01
A131: SKU-015 | B131: Foundation Maybelline Fit | C131: Beauty | D131: 252 | E131: 60 | F131: 4 | G131: 7 | H131: SUP_BT02 | I131: 45930 | J131: 165000 | K131: 45901 | L131: =TEXTJOIN("|",TRUE,A131:K131) -> SKU-015|Foundation Maybelline Fit|Beauty|252|60|4|7|SUP_BT02|2025-09-30|165000|2025-09-01
A132: SKU-009 | B132: Blender Philips HR2157 | C132: Home & Living | D132: 20 | E132: 20 | F132: 2 | G132: 7 | H132: SUP_HM01 | I132: 46027 | J132: 750000 | K132: 46023 | L132: =TEXTJOIN("|",TRUE,A132:K132) -> SKU-009|Blender Philips HR2157|Home & Living|20|20|2|7|SUP_HM01|2026-01-05|750000|2026-01-01
A133: SKU-013 | B133: Skincare Set Whitelab | C133: Beauty | D133: 153 | E133: 40 | F133: 4 | G133: 5 | H133: SUP_BT01 | I133: 46097 | J133: 550000 | K133: 46082 | L133: =TEXTJOIN("|",TRUE,A133:K133) -> SKU-013|Skincare Set Whitelab|Beauty|153|40|4|5|SUP_BT01|2026-03-16|550000|2026-03-01
A134: SKU-010 | B134: Rice Cooker Miyako 1.8L | C134: Home & Living | D134: 41 | E134: 25 | F134: 4 | G134: 10 | H134: SUP_HM01 | I134: 45801 | J134: 450000 | K134: 45778 | L134: =TEXTJOIN("|",TRUE,A134:K134) -> SKU-010|Rice Cooker Miyako 1.8L|Home & Living|41|25|4|10|SUP_HM01|2025-05-24|450000|2025-05-01
A135: SKU-014 | B135: Lipstik Matte Wardah | C135: Beauty | D135: 405 | E135: 80 | G135: 5 | H135: SUP_BT01 | I135: 45663 | J135: 85000 | K135: 45658 | L135: =TEXTJOIN("|",TRUE,A135:K135) -> SKU-014|Lipstik Matte Wardah|Beauty|405|80|5|SUP_BT01|2025-01-06|85000|2025-01-01
A136: SKU-009 | B136: Blender Philips HR2157 | C136: Home & Living | D136: 32 | E136: 20 | F136: 1 | G136: 8 | H136: SUP_HM01 | I136: 45955 | J136: 750000 | K136: 45931 | L136: =TEXTJOIN("|",TRUE,A136:K136) -> SKU-009|Blender Philips HR2157|Home & Living|32|20|1|8|SUP_HM01|2025-10-25|750000|2025-10-01
A137: SKU-003 | B137: Headphone Sony WH-1000 | C137: Electronics | D137: 0 | E137: 20 | F137: 3 | G137: 7 | H137: SUP_EL02 | I137: 45919 | J137: 3200000 | K137: 45901 | L137: =TEXTJOIN("|",TRUE,A137:K137) -> SKU-003|Headphone Sony WH-1000|Electronics|0|20|3|7|SUP_EL02|2025-09-19|3200000|2025-09-01
A138: SKU-014 | B138: Lipstik Matte Wardah | C138: Beauty | D138: 255 | E138: 80 | F138: 4 | G138: 6 | H138: SUP_BT01 | I138: 46001 | J138: 85000 | K138: 45992 | L138: =TEXTJOIN("|",TRUE,A138:K138) -> SKU-014|Lipstik Matte Wardah|Beauty|255|80|4|6|SUP_BT01|2025-12-10|85000|2025-12-01
A139: SKU-013 | B139: Skincare Set Whitelab | C139: Beauty | D139: 168 | E139: 40 | F139: 3 | G139: 5 | H139: SUP_BT01 | I139: 45709 | J139: 550000 | K139: 45689 | L139: =TEXTJOIN("|",TRUE,A139:K139) -> SKU-013|Skincare Set Whitelab|Beauty|168|40|3|5|SUP_BT01|2025-02-21|550000|2025-02-01
A140: SKU-010 | B140: Rice Cooker Miyako 1.8L | C140: Home & Living | D140: 58 | E140: 25 | F140: 1 | G140: 10 | H140: SUP_HM01 | I140: 45952 | J140: 450000 | K140: 45931 | L140: =TEXTJOIN("|",TRUE,A140:K140) -> SKU-010|Rice Cooker Miyako 1.8L|Home & Living|58|25|1|10|SUP_HM01|2025-10-22|450000|2025-10-01
A141: SKU-008 | B141: Tas Ransel Eiger | C141: Fashion | D141: 42 | E141: 40 | F141: 4 | G141: 7 | H141: SUP_FA02 | I141: 45889 | J141: 550000 | K141: 45870 | L141: =TEXTJOIN("|",TRUE,A141:K141) -> SKU-008|Tas Ransel Eiger|Fashion|42|40|4|7|SUP_FA02|2025-08-20|550000|2025-08-01
A142: SKU-012 | B142: Kipas Angin Cosmos 16in | C142: Home & Living | D142: 35 | E142: 30 | F142: 5 | G142: 6 | H142: SUP_HM02 | I142: 46048 | J142: 350000 | K142: 46023 | L142: =TEXTJOIN("|",TRUE,A142:K142) -> SKU-012|Kipas Angin Cosmos 16in|Home & Living|35|30|5|6|SUP_HM02|2026-01-26|350000|2026-01-01
A143: SKU-008 | B143: Tas Ransel Eiger | C143: Fashion | D143: 36 | E143: 40 | F143: 6 | G143: 4 | H143: SUP_FA02 | I143: 46044 | J143: 550000 | K143: 46023 | L143: =TEXTJOIN("|",TRUE,A143:K143) -> SKU-008|Tas Ransel Eiger|Fashion|36|40|6|4|SUP_FA02|2026-01-22|550000|2026-01-01
A144: SKU-020 | B144: Snack Granola Mix 500g | C144: Food & Beverage | D144: 87 | E144: 120 | F144: 18 | G144: 7 | H144: SUP_FB02 | I144: 45748 | J144: 55000 | K144: 45748 | L144: =TEXTJOIN("|",TRUE,A144:K144) -> SKU-020|Snack Granola Mix 500g|Food & Beverage|87|120|18|7|SUP_FB02|2025-04-01|55000|2025-04-01
A145: SKU-019 | B145: Madu Hutan Asli 500ml | C145: Food & Beverage | D145: 35 | E145: 60 | F145: 6 | G145: 7 | H145: SUP_FB02 | I145: 46221 | J145: 175000 | K145: 46023 | L145: =TEXTJOIN("|",TRUE,A145:K145) -> SKU-019|Madu Hutan Asli 500ml|Food & Beverage|35|60|6|7|SUP_FB02|2026-07-18|175000|2026-01-01
A146: SKU-011 | B146: Vacuum Cleaner Deerma | C146: Home & Living | D146: 32 | E146: 15 | F146: 1 | G146: 8 | H146: SUP_HM02 | I146: 46079 | J146: 1200000 | K146: 46054 | L146: =TEXTJOIN("|",TRUE,A146:K146) -> SKU-011|Vacuum Cleaner Deerma|Home & Living|32|15|1|8|SUP_HM02|2026-02-26|1200000|2026-02-01
A147: SKU-013 | B147: Skincare Set Whitelab | C147: Beauty | D147: 139 | E147: 40 | F147: 2 | G147: 6 | H147: SUP_BT01 | I147: 45845 | J147: 550000 | K147: 45839 | L147: =TEXTJOIN("|",TRUE,A147:K147) -> SKU-013|Skincare Set Whitelab|Beauty|139|40|2|6|SUP_BT01|2025-07-07|550000|2025-07-01
... A191: SKU-010 | B191: Rice Cooker Miyako 1.8L | C191: Home & Living | D191: 21 | E191: 25 | F191: 3 | G191: 9 | H191: SUP_HM01 | I191: 45854 | J191: 450000 | K191: 45839 | L191: =TEXTJOIN("|",TRUE,A191:K191) -> SKU-010|Rice Cooker Miyako 1.8L|Home & Living|21|25|3|9|SUP_HM01|2025-07-16|450000|2025-07-01
A192: SKU-019 | B192: Madu Hutan Asli 500ml | C192: Food & Beverage | D192: 12 | E192: 60 | F192: 10 | H192: SUP_FB02 | I192: 45965 | J192: 175000 | K192: 45962 | L192: =TEXTJOIN("|",TRUE,A192:K192) -> SKU-019|Madu Hutan Asli 500ml|Food & Beverage|12|60|10|SUP_FB02|2025-11-04|175000|2025-11-01
A193: SKU-001 | B193: Laptop ASUS Vivobook | C193: Electronics | D193: 17 | E193: 15 | F193: 1 | G193: 6 | H193: SUP_EL01 | I193: 45665 | J193: 8500000 | K193: 45658 | L193: =TEXTJOIN("|",TRUE,A193:K193) -> SKU-001|Laptop ASUS Vivobook|Electronics|17|15|1|6|SUP_EL01|2025-01-08|8500000|2025-01-01
A194: SKU-019 | B194: Madu Hutan Asli 500ml | C194: Food & Beverage | D194: 34 | E194: 60 | F194: 7 | G194: 6 | H194: SUP_FB02 | I194: 45934 | J194: 175000 | K194: 45931 | L194: =TEXTJOIN("|",TRUE,A194:K194) -> SKU-019|Madu Hutan Asli 500ml|Food & Beverage|34|60|7|6|SUP_FB02|2025-10-04|175000|2025-10-01
A195: SKU-019 | B195: Madu Hutan Asli 500ml | C195: Food & Beverage | D195: 21 | E195: 60 | F195: 9 | G195: 4 | H195: SUP_FB02 | I195: 46067 | J195: 175000 | K195: 46054 | L195: =TEXTJOIN("|",TRUE,A195:K195) -> SKU-019|Madu Hutan Asli 500ml|Food & Beverage|21|60|9|4|SUP_FB02|2026-02-14|175000|2026-02-01
A196: SKU-007 | B196: Sepatu Sneakers Nike | C196: Fashion | D196: 0 | E196: 35 | F196: 9 | G196: 6 | H196: SUP_FA02 | I196: 45973 | J196: 1250000 | K196: 45962 | L196: =TEXTJOIN("|",TRUE,A196:K196) -> SKU-007|Sepatu Sneakers Nike|Fashion|0|35|9|6|SUP_FA02|2025-11-12|1250000|2025-11-01
A197: SKU-013 | B197: Skincare Set Whitelab | C197: Beauty | D197: 150 | E197: 40 | F197: 4 | G197: 4 | H197: SUP_BT01 | I197: 46040 | J197: 550000 | K197: 46023 | L197: =TEXTJOIN("|",TRUE,A197:K197) -> SKU-013|Skincare Set Whitelab|Beauty|150|40|4|4|SUP_BT01|2026-01-18|550000|2026-01-01
A198: SKU-018 | B198: Teh Organik Premium Box | C198: Food & Beverage | D198: 18 | E198: 80 | F198: 10 | G198: 4 | H198: SUP_FB01 | I198: 46024 | J198: 65000 | K198: 46023 | L198: =TEXTJOIN("|",TRUE,A198:K198) -> SKU-018|Teh Organik Premium Box|Food & Beverage|18|80|10|4|SUP_FB01|2026-01-02|65000|2026-01-01
A199: SKU-007 | B199: Sepatu Sneakers Nike | C199: Fashion | D199: 27 | E199: 35 | F199: 8 | G199: 6 | H199: SUP_FA02 | I199: 46054 | J199: 1250000 | K199: 46054 | L199: =TEXTJOIN("|",TRUE,A199:K199) -> SKU-007|Sepatu Sneakers Nike|Fashion|27|35|8|6|SUP_FA02|2026-02-01|1250000|2026-02-01
A200: SKU-012 | B200: Kipas Angin Cosmos 16in | C200: Home & Living | D200: 39 | E200: 30 | F200: 6 | G200: 10 | H200: SUP_HM02 | I200: 45854 | J200: 350000 | K200: 45839 | L200: =TEXTJOIN("|",TRUE,A200:K200) -> SKU-012|Kipas Angin Cosmos 16in|Home & Living|39|30|6|10|SUP_HM02|2025-07-16|350000|2025-07-01
A201: SKU-007 | B201: Sepatu Sneakers Nike | C201: Fashion | D201: 10 | E201: 35 | F201: 7 | G201: 3 | H201: SUP_FA02 | I201: 45929 | J201: 1250000 | K201: 45901 | L201: =TEXTJOIN("|",TRUE,A201:K201) -> SKU-007|Sepatu Sneakers Nike|Fashion|10|35|7|3|SUP_FA02|2025-09-29|1250000|2025-09-01
A202: SKU-003 | B202: Headphone Sony WH-1000 | C202: Electronics | D202: 7 | E202: 20 | F202: 2 | G202: 13 | H202: SUP_EL02 | I202: 45861 | J202: 3200000 | K202: 45839 | L202: =TEXTJOIN("|",TRUE,A202:K202) -> SKU-003|Headphone Sony WH-1000|Electronics|7|20|2|13|SUP_EL02|2025-07-23|3200000|2025-07-01
A203: SKU-005 | B203: Kemeja Formal Pria | C203: Fashion | D203: 13 | E203: 50 | F203: 8 | G203: 4 | H203: SUP_FA01 | I203: 45691 | J203: 350000 | K203: 45689 | L203: =TEXTJOIN("|",TRUE,A203:K203) -> SKU-005|Kemeja Formal Pria|Fashion|13|50|8|4|SUP_FA01|2025-02-03|350000|2025-02-01
A204: SKU-011 | B204: Vacuum Cleaner Deerma | C204: Home & Living | E204: 15 | F204: 2 | G204: 4 | H204: SUP_HM02 | I204: 45688 | J204: 1200000 | K204: 45658 | L204: =TEXTJOIN("|",TRUE,A204:K204) -> SKU-011|Vacuum Cleaner Deerma|Home & Living|15|2|4|SUP_HM02|2025-01-31|1200000|2025-01-01
A205: SKU-017 | B205: Kopi Arabika 250g Pack | C205: Food & Beverage | D205: 19 | E205: 100 | F205: 16 | G205: 4 | H205: SUP_FB01 | I205: 45965 | J205: 85000 | K205: 45962 | L205: =TEXTJOIN("|",TRUE,A205:K205) -> SKU-017|Kopi Arabika 250g Pack|Food & Beverage|19|100|16|4|SUP_FB01|2025-11-04|85000|2025-11-01
A206: SKU-017 | B206: Kopi Arabika 250g Pack | C206: Food & Beverage | D206: 36 | E206: 100 | F206: 16 | G206: 5 | H206: SUP_FB01 | I206: 45851 | J206: 85000 | K206: 45839 | L206: =TEXTJOIN("|",TRUE,A206:K206) -> SKU-017|Kopi Arabika 250g Pack|Food & Beverage|36|100|16|5|SUP_FB01|2025-07-13|85000|2025-07-01
A207: SKU-018 | B207: Teh Organik Premium Box | C207: Food & Beverage | D207: 33 | E207: 80 | F207: 13 | G207: 4 | H207: SUP_FB01 | I207: 45697 | J207: 65000 | K207: 45689 | L207: =TEXTJOIN("|",TRUE,A207:K207) -> SKU-018|Teh Organik Premium Box|Food & Beverage|33|80|13|4|SUP_FB01|2025-02-09|65000|2025-02-01
A208: SKU-001 | B208: Laptop ASUS Vivobook | C208: Electronics | D208: 0 | E208: 15 | F208: 2 | G208: 8 | H208: SUP_EL01 | I208: 45994 | J208: 8500000 | K208: 45992 | L208: =TEXTJOIN("|",TRUE,A208:K208) -> SKU-001|Laptop ASUS Vivobook|Electronics|0|15|2|8|SUP_EL01|2025-12-03|8500000|2025-12-01
A209: SKU-004 | B209: Smartwatch Xiaomi Band | C209: Electronics | D209: 34 | E209: 30 | F209: 4 | G209: 5 | H209: SUP_EL01 | I209: 46083 | J209: 1200000 | K209: 46082 | L209: =TEXTJOIN("|",TRUE,A209:K209) -> SKU-004|Smartwatch Xiaomi Band|Electronics|34|30|4|5|SUP_EL01|2026-03-02|1200000|2026-03-01
A210: SKU-014 | B210: Lipstik Matte Wardah | C210: Beauty | D210: 427 | E210: 80 | F210: 2 | G210: 5 | H210: SUP_BT01 | I210: 45838 | J210: 85000 | K210: 45809 | L210: =TEXTJOIN("|",TRUE,A210:K210) -> SKU-014|Lipstik Matte Wardah|Beauty|427|80|2|5|SUP_BT01|2025-06-30|85000|2025-06-01
A211: SKU-019 | B211: Madu Hutan Asli 500ml | C211: Food & Beverage | D211: 14 | E211: 60 | F211: 8 | G211: 6 | H211: SUP_FB02 | I211: 45930 | J211: 175000 | K211: 45901 | L211: =TEXTJOIN("|",TRUE,A211:K211) -> SKU-019|Madu Hutan Asli 500ml|Food & Beverage|14|60|8|6|SUP_FB02|2025-09-30|175000|2025-09-01
A212: SKU-002 | B212: Smartphone Samsung A54 | C212: Electronics | D212: 32 | E212: 25 | F212: 6 | G212: 17 | H212: SUP_EL02 | I212: 46026 | J212: 4500000 | K212: 46023 | L212: =TEXTJOIN("|",TRUE,A212:K212) -> SKU-002|Smartphone Samsung A54|Electronics|32|25|6|17|SUP_EL02|2026-01-04|4500000|2026-01-01
A213: SKU-016 | B213: Parfum EDT Brasov 100ml | C213: Beauty | E213: 50 | F213: 1 | G213: 7 | H213: SUP_BT02 | I213: 45885 | J213: 125000 | K213: 45870 | L213: =TEXTJOIN("|",TRUE,A213:K213) -> SKU-016|Parfum EDT Brasov 100ml|Beauty|50|1|7|SUP_BT02|2025-08-16|125000|2025-08-01
A214: SKU-001 | B214: Laptop ASUS Vivobook | C214: Electronics | D214: 28 | E214: 15 | F214: 1 | G214: 6 | H214: SUP_EL01 | I214: 45800 | J214: 8500000 | K214: 45778 | L214: =TEXTJOIN("|",TRUE,A214:K214) -> SKU-001|Laptop ASUS Vivobook|Electronics|28|15|1|6|SUP_EL01|2025-05-23|8500000|2025-05-01
A215: SKU-009 | B215: Blender Philips HR2157 | C215: Home & Living | D215: 21 | E215: 20 | F215: 2 | G215: 9 | H215: SUP_HM01 | I215: 45724 | J215: 750000 | K215: 45717 | L215: =TEXTJOIN("|",TRUE,A215:K215) -> SKU-009|Blender Philips HR2157|Home & Living|21|20|2|9|SUP_HM01|2025-03-08|750000|2025-03-01
A216: SKU-003 | B216: Headphone Sony WH-1000 | C216: Electronics | D216: 12 | E216: 20 | F216: 2 | G216: 16 | H216: SUP_EL02 | I216: 45724 | J216: 3200000 | K216: 45717 | L216: =TEXTJOIN("|",TRUE,A216:K216) -> SKU-003|Headphone Sony WH-1000|Electronics|12|20|2|16|SUP_EL02|2025-03-08|3200000|2025-03-01
A217: SKU-020 | B217: Snack Granola Mix 500g | C217: Food & Beverage | D217: 72 | E217: 120 | F217: 18 | G217: 7 | H217: SUP_FB02 | I217: 45815 | J217: 55000 | K217: 45809 | L217: =TEXTJOIN("|",TRUE,A217:K217) -> SKU-020|Snack Granola Mix 500g|Food & Beverage|72|120|18|7|SUP_FB02|2025-06-07|55000|2025-06-01
A218: SKU-011 | B218: Vacuum Cleaner Deerma | C218: Home & Living | D218: 33 | E218: 15 | F218: 2 | G218: 10 | H218: SUP_HM02 | I218: 46032 | J218: 1200000 | K218: 46023 | L218: =TEXTJOIN("|",TRUE,A218:K218) -> SKU-011|Vacuum Cleaner Deerma|Home & Living|33|15|2|10|SUP_HM02|2026-01-10|1200000|2026-01-01
A219: SKU-015 | B219: Foundation Maybelline Fit | C219: Beauty | D219: 246 | E219: 60 | F219: 3 | G219: 7 | H219: SUP_BT02 | I219: 46049 | J219: 165000 | K219: 46023 | L219: =TEXTJOIN("|",TRUE,A219:K219) -> SKU-015|Foundation Maybelline Fit|Beauty|246|60|3|7|SUP_BT02|2026-01-27|165000|2026-01-01
A220: SKU-018 | B220: Teh Organik Premium Box | C220: Food & Beverage | D220: 64 | E220: 80 | F220: 13 | G220: 5 | H220: SUP_FB01 | I220: 45970 | J220: 65000 | K220: 45962 | L220: =TEXTJOIN("|",TRUE,A220:K220) -> SKU-018|Teh Organik Premium Box|Food & Beverage|64|80|13|5|SUP_FB01|2025-11-09|65000|2025-11-01
A221: SKU-010 | B221: Rice Cooker Miyako 1.8L | C221: Home & Living | D221: 37 | E221: 25 | F221: 1 | G221: 9 | H221: SUP_HM01 | I221: 45775 | J221: 450000 | K221: 45748 | L221: =TEXTJOIN("|",TRUE,A221:K221) -> SKU-010|Rice Cooker Miyako 1.8L|Home & Living|37|25|1|9|SUP_HM01|2025-04-28|450000|2025-04-01
A222: SKU-005 | B222: Kemeja Formal Pria | C222: Fashion | D222: 0 | E222: 50 | F222: 13 | G222: 3 | H222: SUP_FA01 | I222: 45747 | J222: 350000 | K222: 45717 | L222: =TEXTJOIN("|",TRUE,A222:K222) -> SKU-005|Kemeja Formal Pria|Fashion|0|50|13|3|SUP_FA01|2025-03-31|350000|2025-03-01
A223: SKU-015 | B223: Foundation Maybelline Fit | C223: Beauty | D223: 230 | E223: 60 | F223: 2 | G223: 8 | H223: SUP_BT02 | I223: 45817 | J223: 165000 | K223: 45809 | L223: =TEXTJOIN("|",TRUE,A223:K223) -> SKU-015|Foundation Maybelline Fit|Beauty|230|60|2|8|SUP_BT02|2025-06-09|165000|2025-06-01
A224: SKU-010 | B224: Rice Cooker Miyako 1.8L | C224: Home & Living | D224: 52 | E224: 25 | F224: 4 | G224: 9 | H224: SUP_HM01 | I224: 45671 | J224: 450000 | K224: 45658 | L224: =TEXTJOIN("|",TRUE,A224:K224) -> SKU-010|Rice Cooker Miyako 1.8L|Home & Living|52|25|4|9|SUP_HM01|2025-01-14|450000|2025-01-01
A225: SKU-009 | B225: Blender Philips HR2157 | C225: Home & Living | D225: 47 | E225: 20 | F225: 4 | G225: 9 | H225: SUP_HM01 | I225: 45909 | J225: 750000 | K225: 45901 | L225: =TEXTJOIN("|",TRUE,A225:K225) -> SKU-009|Blender Philips HR2157|Home & Living|47|20|4|9|SUP_HM01|2025-09-09|750000|2025-09-01
... A229: SKU-019 | B229: Madu Hutan Asli 500ml | C229: Food & Beverage | D229: 37 | E229: 60 | F229: 8 | G229: 5 | H229: SUP_FB02 | I229: 45795 | J229: 175000 | K229: 45778 | L229: =TEXTJOIN("|",TRUE,A229:K229) -> SKU-019|Madu Hutan Asli 500ml|Food & Beverage|37|60|8|5|SUP_FB02|2025-05-18|175000|2025-05-01
A230: SKU-005 | B230: Kemeja Formal Pria | C230: Fashion | D230: 49 | E230: 50 | F230: 5 | H230: SUP_FA01 | I230: 45784 | J230: 350000 | K230: 45778 | L230: =TEXTJOIN("|",TRUE,A230:K230) -> SKU-005|Kemeja Formal Pria|Fashion|49|50|5|SUP_FA01|2025-05-07|350000|2025-05-01
A231: SKU-003 | B231: Headphone Sony WH-1000 | C231: Electronics | D231: 22 | E231: 20 | F231: 4 | G231: 8 | H231: SUP_EL02 | I231: 46103 | J231: 3200000 | K231: 46082 | L231: =TEXTJOIN("|",TRUE,A231:K231) -> SKU-003|Headphone Sony WH-1000|Electronics|22|20|4|8|SUP_EL02|2026-03-22|3200000|2026-03-01
A232: SKU-017 | B232: Kopi Arabika 250g Pack | C232: Food & Beverage | D232: 58 | E232: 100 | F232: 14 | G232: 3 | H232: SUP_FB01 | I232: 45951 | J232: 85000 | K232: 45931 | L232: =TEXTJOIN("|",TRUE,A232:K232) -> SKU-017|Kopi Arabika 250g Pack|Food & Beverage|58|100|14|3|SUP_FB01|2025-10-21|85000|2025-10-01
A233: SKU-011 | B233: Vacuum Cleaner Deerma | C233: Home & Living | D233: 14 | E233: 15 | F233: 2 | G233: 5 | H233: SUP_HM02 | I233: 45858 | J233: 1200000 | K233: 45839 | L233: =TEXTJOIN("|",TRUE,A233:K233) -> SKU-011|Vacuum Cleaner Deerma|Home & Living|14|15|2|5|SUP_HM02|2025-07-20|1200000|2025-07-01
...

Sheet 12 Duplicates
A1: SKU | B1: ProductName | C1: Category | D1: CurrentStock | E1: ReorderPoint | F1: DailySalesAvg | G1: LeadTime | H1: SupplierID | I1: LastRestockDate | J1: UnitPrice | K1: SnapshotDate | L1: Duplikat
A2: SKU-016 | B2: Parfum EDT Brasov 100ml | C2: Beauty | D2: 271 | E2: 50 | F2: 2 | G2: 4 | H2: SUP_BT02 | I2: 45748 | J2: 125000 | K2: 45748 | L2: =TEXTJOIN("|", FALSE, A2:K2) -> SKU-016|Parfum EDT Brasov 100ml|Beauty|271|50|2|4|SUP_BT02|2025-04-01|125000|2025-04-01 | N2: =IFERROR(__xludf.DUMMYFUNCTION("counta(A2:A1000)-COUNTUNIQUE(L2:L1000)"),12.0) -> 12
A3: SKU-001 | B3: Laptop ASUS Vivobook | C3: Electronics | D3: 21 | E3: 15 | F3: 4 | G3: 5 | H3: SUP_EL01 | I3: 45942 | J3: 8500000 | K3: 45931 | L3: =TEXTJOIN("|", FALSE, A3:K3) -> SKU-001|Laptop ASUS Vivobook|Electronics|21|15|4|5|SUP_EL01|2025-10-12|8500000|2025-10-01
A4: SKU-004 | B4: Smartwatch Xiaomi Band | C4: Electronics | D4: 30 | E4: 30 | F4: 2 | G4: 7 | H4: SUP_EL01 | I4: 46029 | J4: 1200000 | K4: 46023 | L4: =TEXTJOIN("|", FALSE, A4:K4) -> SKU-004|Smartwatch Xiaomi Band|Electronics|30|30|2|7|SUP_EL01|2026-01-07|1200000|2026-01-01
